thread,iterations,processing_time,requests
0,1,0,0
0,2,0,0
0,3,0,0
0,4,0,0
0,5,0,0
0,6,0,0
0,7,0,2
0,8,0,2
0,9,0,2
0,10,0,3
0,11,0,3
0,12,0,4
0,13,0,2
0,14,1,4
0,15,0,4
0,16,1,5
0,17,1,3
0,18,0,3
0,19,0,5
0,20,0,4
0,21,0,4
0,22,0,4
0,23,0,5
0,24,0,5
0,25,0,4
0,26,0,5
0,27,0,6
0,28,0,6
0,29,0,5
0,30,0,6
0,31,0,5
0,32,0,7
0,33,0,4
0,34,0,8
0,35,0,6
0,36,0,8
0,37,1,3
0,38,0,8
0,39,0,7
0,40,0,8
0,41,0,5
0,42,0,7
0,43,0,8
0,44,0,7
0,45,0,7
0,46,0,7
0,47,0,7
0,48,0,7
0,49,2,9
0,50,0,8
0,51,1,8
0,52,1,8
0,53,0,8
0,54,0,9
0,55,0,9
0,56,0,9
0,57,1,10
0,58,1,9
0,59,0,8
0,60,0,8
0,61,0,13
0,62,1,7
0,63,0,11
0,64,0,7
0,65,0,12
0,66,0,8
0,67,0,10
0,68,1,9
0,69,0,10
0,70,1,10
0,71,0,9
0,72,0,10
0,73,0,10
0,74,1,12
0,75,0,11
0,76,0,12
0,77,0,10
0,78,0,11
0,79,0,11
0,80,0,14
0,81,0,11
0,82,0,12
0,83,0,11
0,84,0,13
0,85,0,12
0,86,1,14
0,87,0,13
0,88,0,15
0,89,0,15
0,90,0,13
0,91,0,14
0,92,1,17
0,93,1,14
0,94,2,15
0,95,0,14
0,96,0,17
0,97,0,16
0,98,0,16
0,99,0,14
0,100,0,17
0,101,0,18
0,102,0,17
0,103,1,16
0,104,0,20
0,105,0,16
0,106,0,17
0,107,0,19
0,108,0,18
0,109,1,15
0,110,0,19
0,111,0,23
0,112,0,18
0,113,0,15
0,114,0,20
0,115,1,23
0,116,0,18
0,117,0,17
0,118,2,21
0,119,0,21
0,120,0,21
0,121,0,20
0,122,0,19
0,123,1,24
0,124,0,21
0,125,0,22
0,126,0,22
0,127,0,21
0,128,0,23
0,129,0,21
0,130,0,21
0,131,1,26
0,132,0,22
0,133,0,22
0,134,0,24
0,135,0,23
0,136,0,24
0,137,0,21
0,138,0,27
0,139,0,26
0,140,0,24
0,141,0,26
0,142,0,29
0,143,0,22
0,144,1,25
0,145,0,28
0,146,0,28
0,147,0,26
0,148,0,28
0,149,1,27
0,150,1,30
0,151,2,28
0,152,1,27
0,153,2,29
0,154,0,29
0,155,0,27
0,156,0,30
0,157,0,27
0,158,1,30
0,159,1,27
0,160,0,33
0,161,0,30
0,162,1,32
0,163,0,25
0,164,0,37
0,165,0,30
0,166,1,29
0,167,0,27
0,168,1,35
0,169,0,29
0,170,1,31
0,171,0,31
0,172,0,33
0,173,0,36
0,174,0,30
0,175,1,32
0,176,2,32
0,177,1,36
0,178,0,31
0,179,0,36
0,180,1,30
0,181,2,39
0,182,0,29
0,183,0,35
0,184,0,35
0,185,0,39
0,186,0,30
0,187,0,38
0,188,0,38
0,189,0,34
0,190,0,33
0,191,0,38
0,192,1,40
0,193,0,38
0,194,0,35
0,195,0,40
0,196,2,36
0,197,2,31
0,198,0,32
0,199,0,27
0,200,0,37
0,201,0,31
0,202,0,34
0,203,0,29
0,204,0,35
0,205,0,30
0,206,0,33
0,207,0,32
0,208,1,38
0,209,0,34
0,210,0,27
0,211,0,35
0,212,3,34
0,213,0,34
0,214,0,30
0,215,0,34
0,216,0,35
0,217,0,38
0,218,0,29
0,219,1,36
0,220,0,31
0,221,0,37
0,222,0,35
0,223,0,38
0,224,0,35
0,225,0,36
0,226,1,36
0,227,0,39
0,228,0,38
0,229,0,36
0,230,0,41
0,231,1,36
0,232,0,38
0,233,0,38
0,234,2,43
0,235,0,38
0,236,0,41
0,237,0,34
0,238,1,43
0,239,0,39
0,240,0,41
0,241,0,40
0,242,0,41
0,243,0,43
0,244,0,35
0,245,0,43
0,246,0,41
0,247,2,39
0,248,0,34
0,249,0,45
0,250,0,41
0,251,0,43
0,252,1,35
0,253,1,41
0,254,0,45
0,255,0,39
0,256,0,36
0,257,0,38
0,258,0,44
0,259,0,38
0,260,2,44
0,261,1,42
0,262,0,45
0,263,1,36
0,264,0,42
0,265,1,44
0,266,0,45
0,267,0,36
0,268,0,43
0,269,1,48
0,270,0,43
0,271,1,35
0,272,1,44
0,273,0,46
0,274,0,43
0,275,0,43
0,276,0,45
0,277,1,47
0,278,0,33
0,279,0,41
0,280,0,50
0,281,1,44
0,282,0,39
0,283,0,45
0,284,0,46
0,285,0,46
0,286,0,37
0,287,1,46
0,288,0,48
0,289,0,41
0,290,0,41
0,291,1,46
0,292,0,44
0,293,0,40
0,294,0,40
0,295,1,44
0,296,0,46
0,297,0,41
0,298,1,42
0,299,0,45
0,300,1,47
0,301,1,40
0,302,1,41
0,303,0,51
0,304,0,40
0,305,2,51
0,306,1,44
0,307,1,52
0,308,0,37
0,309,1,53
0,310,1,46
0,311,1,48
0,312,2,46
0,313,0,50
0,314,1,53
0,315,1,46
0,316,1,37
0,317,0,51
0,318,0,49
0,319,0,42
0,320,0,51
0,321,1,51
0,322,0,51
0,323,1,38
0,324,1,48
0,325,0,47
0,326,0,43
0,327,0,49
0,328,0,48
0,329,0,52
0,330,3,42
0,331,0,48
0,332,0,47
0,333,1,54
0,334,1,40
0,335,0,56
0,336,1,48
0,337,1,53
0,338,0,38
0,339,0,57
0,340,0,51
0,341,0,45
0,342,0,51
0,343,0,46
0,344,0,58
0,345,0,45
0,346,0,48
0,347,1,48
0,348,0,56
0,349,0,47
0,350,0,55
0,351,1,53
0,352,1,53
0,353,0,44
0,354,0,57
0,355,2,55
0,356,1,53
0,357,0,49
0,358,1,55
0,359,0,62
0,360,0,46
0,361,0,54
0,362,0,52
0,363,0,62
0,364,1,43
0,365,0,58
0,366,0,54
0,367,0,54
0,368,0,53
0,369,0,50
0,370,0,69
0,371,0,52
0,372,0,52
0,373,0,52
0,374,0,63
0,375,0,44
0,376,0,61
0,377,2,59
0,378,0,59
0,379,1,54
0,380,0,59
0,381,0,62
0,382,0,52
0,383,0,55
0,384,0,65
0,385,0,61
0,386,0,67
0,387,0,62
0,388,1,65
0,389,0,61
0,390,0,58
0,391,0,64
0,392,0,68
0,393,1,60
0,394,0,58
0,395,2,67
0,396,0,62
0,397,0,64
0,398,0,64
0,399,0,70
0,400,0,61
0,401,0,57
0,402,0,68
0,403,1,70
0,404,0,67
0,405,0,50
0,406,1,70
0,407,0,66
0,408,0,60
0,409,0,57
0,410,0,65
0,411,2,60
0,412,0,54
0,413,1,56
0,414,0,71
0,415,0,56
0,416,0,59
0,417,0,57
0,418,0,72
0,419,0,67
0,420,0,57
0,421,0,63
0,422,0,62
0,423,0,67
0,424,0,65
0,425,0,69
0,426,0,66
0,427,0,61
0,428,1,60
0,429,0,68
0,430,0,62
0,431,0,53
0,432,0,70
0,433,0,62
0,434,1,57
0,435,0,68
0,436,0,67
0,437,0,57
0,438,1,54
0,439,2,65
0,440,1,64
0,441,0,61
0,442,1,55
0,443,0,59
0,444,0,57
0,445,0,54
0,446,0,65
0,447,0,63
0,448,1,74
0,449,0,61
0,450,0,70
0,451,0,58
0,452,0,59
0,453,0,75
0,454,0,55
0,455,0,60
0,456,0,58
0,457,0,66
0,458,0,56
0,459,0,59
0,460,0,69
0,461,1,84
0,462,0,70
0,463,0,61
0,464,0,66
0,465,1,64
0,466,1,53
0,467,0,63
0,468,0,73
0,469,0,60
0,470,0,60
0,471,0,68
0,472,1,64
0,473,0,54
0,474,0,65
0,475,0,66
0,476,0,68
0,477,0,56
0,478,2,56
0,479,1,67
0,480,0,67
0,481,0,50
0,482,0,62
0,483,0,67
0,484,1,71
0,485,1,62
0,486,1,71
0,487,2,69
0,488,1,62
0,489,0,60
0,490,0,80
0,491,0,68
0,492,0,60
0,493,2,70
0,494,0,69
0,495,1,56
0,496,2,69
0,497,2,88
0,498,1,81
0,499,2,74
0,500,2,78
0,501,0,66
0,502,0,63
0,503,0,72
0,504,1,67
0,505,0,61
0,506,0,66
0,507,0,71
0,508,0,72
0,509,0,53
0,510,1,66
0,511,1,74
0,512,0,66
0,513,0,64
0,514,0,75
0,515,1,61
0,516,0,54
0,517,0,70
0,518,0,69
0,519,0,65
0,520,0,59
0,521,0,84
0,522,0,76
0,523,0,52
0,524,1,65
0,525,1,73
0,526,0,60
0,527,0,60
0,528,0,67
0,529,0,71
0,530,0,69
0,531,0,62
0,532,0,64
0,533,0,71
0,534,0,64
0,535,1,64
0,536,0,78
0,537,1,77
0,538,1,71
0,539,1,67
0,540,0,62
0,541,0,50
0,542,0,70
0,543,1,70
0,544,0,72
0,545,0,51
0,546,0,66
0,547,0,69
0,548,0,63
0,549,0,58
0,550,0,65
0,551,0,68
0,552,0,57
0,553,0,59
0,554,0,67
0,555,0,63
0,556,0,44
0,557,0,68
0,558,0,67
0,559,0,62
0,560,0,57
0,561,0,66
0,562,0,60
0,563,0,57
0,564,0,60
0,565,2,67
0,566,0,64
0,567,0,54
0,568,0,65
0,569,0,67
0,570,1,64
0,571,1,89
0,572,0,80
0,573,0,57
0,574,1,72
0,575,0,73
0,576,1,69
0,577,0,60
0,578,0,66
0,579,0,68
0,580,0,52
0,581,0,68
0,582,0,70
0,583,1,57
0,584,0,52
0,585,1,69
0,586,1,62
0,587,0,63
0,588,0,50
0,589,0,68
0,590,0,68
0,591,0,56
0,592,1,60
0,593,1,68
0,594,0,53
0,595,1,49
0,596,0,72
0,597,0,62
0,598,0,64
0,599,0,57
0,600,0,61
0,601,0,69
0,602,0,55
0,603,0,62
0,604,0,68
0,605,0,62
0,606,0,44
0,607,0,76
0,608,0,64
0,609,0,52
0,610,0,53
0,611,0,66
0,612,3,63
0,613,0,36
0,614,0,64
0,615,0,69
0,616,0,56
0,617,0,50
0,618,0,64
0,619,0,59
0,620,0,65
0,621,1,57
0,622,0,69
0,623,0,58
0,624,0,42
0,625,1,72
0,626,0,70
0,627,0,62
0,628,0,45
0,629,0,61
0,630,0,64
0,631,0,54
0,632,1,51
0,633,1,71
0,634,1,66
0,635,2,41
0,636,1,66
0,637,0,65
0,638,1,66
0,639,1,65
0,640,1,72
0,641,0,56
0,642,0,52
0,643,2,73
0,644,0,71
0,645,1,49
0,646,0,75
0,647,0,74
0,648,1,69
0,649,1,63
0,650,0,71
0,651,0,51
0,652,0,49
0,653,0,72
0,654,0,74
0,655,0,59
0,656,0,56
0,657,0,66
0,658,1,66
0,659,0,50
0,660,0,69
0,661,0,71
0,662,0,58
0,663,0,55
0,664,2,63
0,665,1,67
0,666,0,56
0,667,0,54
0,668,1,65
0,669,1,60
0,670,1,48
0,671,0,62
0,672,0,67
0,673,0,49
0,674,1,53
0,675,1,63
0,676,0,65
0,677,0,53
0,678,0,56
0,679,0,80
0,680,0,63
0,681,0,55
0,682,0,64
0,683,0,72
0,684,0,59
0,685,2,50
0,686,0,65
0,687,0,62
0,688,1,51
0,689,0,72
0,690,0,66
0,691,0,59
0,692,1,55
0,693,0,62
0,694,0,64
0,695,0,61
0,696,1,71
0,697,1,66
0,698,1,68
0,699,1,64
0,700,0,66
0,701,0,74
0,702,2,59
0,703,0,70
0,704,0,66
0,705,0,58
0,706,0,59
0,707,0,71
0,708,0,56
0,709,0,46
0,710,0,65
0,711,2,64
0,712,0,61
0,713,0,55
0,714,1,61
0,715,0,60
0,716,1,57
0,717,0,54
0,718,1,64
0,719,0,58
0,720,0,49
0,721,0,71
0,722,1,65
0,723,1,57
0,724,2,48
0,725,1,63
0,726,0,58
0,727,0,56
0,728,1,59
0,729,0,60
0,730,0,65
0,731,0,45
0,732,1,64
0,733,0,68
0,734,0,53
0,735,1,52
0,736,1,62
0,737,0,61
0,738,0,56
0,739,1,54
0,740,0,70
0,741,0,62
0,742,0,50
0,743,0,77
0,744,0,69
0,745,1,61
0,746,0,51
0,747,0,65
0,748,0,75
0,749,1,63
0,750,0,77
0,751,2,81
0,752,0,74
0,753,0,81
0,754,0,78
0,755,1,68
0,756,1,64
0,757,1,89
0,758,1,75
0,759,0,62
0,760,0,83
0,761,0,80
0,762,0,66
0,763,1,83
0,764,0,65
0,765,2,70
0,766,1,83
0,767,0,68
0,768,0,54
0,769,0,64
0,770,0,76
0,771,0,64
0,772,0,58
0,773,0,70
0,774,1,63
0,775,1,62
0,776,0,67
0,777,0,73
0,778,0,65
0,779,1,59
0,780,0,68
0,781,0,73
0,782,0,68
0,783,0,66
0,784,0,70
0,785,2,65
0,786,0,62
0,787,1,65
0,788,0,70
0,789,1,73
0,790,0,53
0,791,2,67
0,792,0,77
0,793,0,71
0,794,1,60
0,795,0,78
0,796,0,68
0,797,0,62
0,798,0,65
0,799,0,73
0,800,0,76
0,801,0,59
0,802,0,68
0,803,1,74
0,804,1,79
0,805,0,63
0,806,0,75
0,807,0,70
0,808,0,47
0,809,0,72
0,810,1,67
0,811,2,72
0,812,0,65
0,813,1,77
0,814,0,62
0,815,0,65
0,816,0,59
0,817,2,83
0,818,0,83
0,819,2,72
0,820,0,81
0,821,0,73
0,822,0,54
0,823,0,74
0,824,0,74
0,825,0,68
0,826,0,68
0,827,1,76
0,828,1,75
0,829,0,49
0,830,0,69
0,831,1,72
0,832,1,71
0,833,0,60
0,834,0,72
0,835,0,75
0,836,1,64
0,837,0,69
0,838,1,72
0,839,1,66
0,840,1,77
0,841,2,91
0,842,1,76
0,843,0,62
0,844,0,74
0,845,0,71
0,846,2,79
0,847,1,56
0,848,1,81
0,849,0,68
0,850,1,57
0,851,0,68
0,852,1,72
0,853,0,70
0,854,0,51
0,855,0,70
0,856,0,70
0,857,1,74
0,858,0,66
0,859,2,79
0,860,1,75
0,861,0,53
0,862,0,85
0,863,0,69
0,864,0,78
0,865,0,55
0,866,1,85
0,867,0,70
0,868,0,62
0,869,2,79
0,870,1,80
0,871,0,72
0,872,0,59
0,873,0,81
0,874,1,70
0,875,0,73
0,876,0,77
0,877,1,81
0,878,0,74
0,879,0,69
0,880,3,87
0,881,0,77
0,882,1,53
0,883,2,79
0,884,1,80
0,885,0,77
0,886,0,79
0,887,2,98
0,888,1,74
0,889,0,67
0,890,1,72
0,891,0,66
0,892,0,77
0,893,0,65
0,894,0,78
0,895,0,76
0,896,0,77
0,897,0,86
0,898,0,70
0,899,1,79
0,900,0,94
0,901,0,82
0,902,1,79
0,903,1,96
0,904,1,78
0,905,0,60
0,906,0,83
0,907,0,63
0,908,2,71
0,909,0,64
0,910,1,78
0,911,0,76
0,912,1,77
0,913,0,78
0,914,0,69
0,915,1,80
0,916,0,80
0,917,1,80
0,918,0,50
0,919,0,54
0,920,0,77
0,921,0,53
0,922,1,52
0,923,0,71
0,924,0,66
0,925,1,60
0,926,0,80
0,927,0,72
0,928,0,69
0,929,1,79
0,930,2,75
0,931,0,59
0,932,1,79
0,933,0,73
0,934,0,54
0,935,0,52
0,936,0,82
0,937,1,54
0,938,0,52
0,939,0,55
0,940,0,75
0,941,1,50
0,942,0,48
0,943,0,78
0,944,0,60
0,945,0,58
0,946,0,49
0,947,1,83
0,948,2,54
0,949,0,49
0,950,0,70
0,951,0,58
0,952,0,54
0,953,1,43
0,954,1,83
0,955,0,51
0,956,0,57
0,957,0,60
0,958,1,68
0,959,0,49
0,960,0,41
0,961,0,72
0,962,1,53
0,963,0,57
0,964,0,49
0,965,0,70
0,966,0,45
0,967,1,56
0,968,2,58
0,969,1,62
0,970,1,50
0,971,1,53
0,972,0,71
0,973,0,50
0,974,0,58
0,975,0,53
0,976,2,74
0,977,1,52
0,978,1,52
0,979,0,68
0,980,0,60
0,981,0,53
0,982,0,44
0,983,0,83
0,984,2,44
0,985,0,54
0,986,0,54
0,987,0,73
0,988,0,52
0,989,1,50
0,990,0,68
0,991,0,53
0,992,0,65
0,993,0,63
0,994,1,70
0,995,0,47
0,996,0,45
0,997,0,75
0,998,0,59
0,999,0,57
0,1000,0,40
0,1001,0,81
0,1002,0,55
0,1003,0,49
0,1004,0,62
0,1005,0,66
0,1006,0,58
0,1007,0,52
0,1008,0,82
0,1009,1,49
0,1010,1,55
0,1011,0,64
0,1012,1,71
0,1013,2,66
0,1014,1,73
0,1015,2,80
0,1016,0,55
0,1017,1,57
0,1018,1,85
0,1019,0,52
0,1020,0,48
0,1021,1,76
0,1022,0,65
0,1023,0,58
0,1024,0,48
0,1025,0,77
0,1026,0,63
0,1027,0,52
0,1028,0,66
0,1029,1,75
0,1030,1,62
0,1031,0,52
0,1032,1,74
0,1033,0,52
0,1034,0,44
0,1035,0,73
0,1036,1,65
0,1037,2,56
0,1038,2,67
0,1039,0,72
0,1040,0,63
0,1041,0,39
0,1042,0,74
0,1043,2,55
0,1044,0,60
0,1045,0,59
0,1046,0,63
0,1047,0,51
0,1048,1,46
0,1049,0,73
0,1050,0,64
0,1051,0,55
0,1052,0,47
0,1053,1,78
0,1054,0,52
0,1055,1,54
0,1056,0,65
0,1057,0,67
0,1058,0,51
0,1059,1,55
0,1060,0,85
0,1061,0,58
0,1062,1,55
0,1063,0,51
0,1064,0,78
0,1065,1,62
0,1066,0,59
0,1067,0,69
0,1068,0,69
0,1069,0,56
0,1070,0,51
0,1071,0,77
0,1072,0,60
0,1073,0,56
0,1074,0,53
0,1075,0,83
0,1076,0,54
0,1077,1,48
0,1078,0,71
0,1079,1,72
0,1080,0,59
0,1081,2,54
0,1082,0,81
0,1083,0,54
0,1084,0,56
0,1085,0,57
0,1086,0,70
0,1087,0,56
0,1088,0,43
0,1089,2,66
0,1090,0,67
0,1091,0,61
0,1092,0,44
0,1093,1,73
0,1094,0,62
0,1095,0,50
0,1096,0,48
0,1097,0,62
0,1098,0,63
0,1099,0,46
0,1100,1,70
0,1101,0,57
0,1102,0,62
0,1103,0,52
0,1104,0,61
0,1105,0,64
0,1106,0,63
0,1107,1,55
0,1108,0,57
0,1109,0,67
0,1110,1,54
0,1111,0,71
0,1112,0,63
0,1113,0,70
0,1114,0,55
0,1115,0,63
0,1116,0,62
0,1117,2,74
0,1118,1,61
0,1119,0,58
0,1120,0,67
0,1121,0,60
0,1122,0,70
0,1123,0,70
0,1124,1,77
0,1125,0,51
0,1126,1,67
0,1127,0,64
0,1128,0,69
0,1129,2,61
0,1130,0,73
0,1131,0,69
0,1132,0,56
0,1133,0,66
0,1134,0,69
0,1135,0,81
0,1136,1,71
0,1137,1,83
0,1138,2,82
0,1139,1,71
0,1140,0,79
0,1141,2,85
0,1142,0,55
0,1143,2,67
0,1144,0,77
0,1145,1,65
0,1146,1,109
0,1147,0,75
0,1148,1,51
0,1149,0,74
0,1150,0,71
0,1151,0,73
0,1152,0,50
0,1153,0,69
0,1154,0,67
0,1155,0,69
0,1156,1,56
0,1157,1,70
0,1158,1,76
0,1159,0,55
0,1160,0,76
0,1161,1,70
0,1162,0,83
0,1163,2,55
0,1164,0,66
0,1165,0,80
0,1166,0,49
0,1167,0,74
0,1168,0,72
0,1169,0,75
0,1170,1,47
0,1171,1,72
0,1172,0,66
0,1173,0,71
0,1174,0,62
0,1175,0,71
0,1176,1,72
0,1177,0,46
0,1178,0,85
0,1179,0,75
0,1180,1,72
0,1181,1,52
0,1182,0,73
0,1183,0,67
0,1184,1,67
0,1185,1,62
0,1186,1,71
0,1187,0,75
0,1188,0,49
0,1189,0,82
0,1190,1,72
0,1191,0,81
0,1192,2,69
0,1193,0,79
0,1194,1,85
0,1195,0,74
0,1196,4,92
0,1197,0,84
0,1198,0,56
0,1199,1,83
0,1200,1,77
0,1201,0,68
0,1202,2,69
0,1203,1,74
0,1204,1,71
0,1205,0,61
0,1206,0,91
0,1207,0,70
0,1208,1,70
0,1209,2,71
0,1210,1,77
0,1211,2,101
0,1212,1,54
0,1213,3,100
0,1214,0,88
0,1215,1,77
0,1216,0,86
0,1217,0,70
0,1218,0,78
0,1219,0,67
0,1220,2,75
0,1221,0,77
0,1222,1,66
0,1223,2,101
0,1224,1,95
0,1225,1,66
0,1226,0,99
0,1227,2,83
0,1228,1,77
0,1229,1,72
0,1230,0,78
0,1231,0,85
0,1232,0,53
0,1233,0,94
0,1234,1,82
0,1235,0,77
0,1236,0,60
0,1237,0,87
0,1238,0,84
0,1239,1,60
0,1240,0,78
0,1241,0,88
0,1242,0,86
0,1243,0,51
0,1244,1,94
0,1245,1,80
0,1246,1,77
0,1247,1,68
0,1248,1,96
0,1249,0,81
0,1250,1,57
0,1251,0,86
0,1252,0,85
0,1253,1,80
0,1254,0,61
0,1255,2,83
0,1256,2,80
0,1257,0,57
0,1258,5,103
0,1259,0,102
0,1260,0,70
0,1261,0,81
0,1262,3,88
0,1263,1,80
0,1264,0,47
0,1265,2,93
0,1266,0,90
0,1267,0,79
0,1268,1,67
0,1269,1,87
0,1270,0,87
0,1271,0,43
0,1272,0,63
0,1273,0,73
0,1274,0,63
0,1275,0,43
0,1276,0,68
0,1277,0,70
0,1278,0,67
0,1279,0,57
0,1280,0,80
0,1281,2,71
0,1282,1,55
0,1283,1,83
0,1284,0,70
0,1285,0,54
0,1286,1,68
0,1287,0,68
0,1288,0,67
0,1289,0,48
0,1290,1,71
0,1291,1,77
0,1292,1,61
0,1293,0,65
0,1294,0,71
0,1295,0,61
0,1296,0,50
0,1297,0,76
0,1298,1,72
0,1299,0,67
0,1300,0,55
0,1301,2,93
0,1302,0,81
0,1303,0,53
0,1304,0,76
0,1305,0,61
0,1306,0,55
0,1307,0,71
0,1308,0,68
0,1309,0,74
0,1310,0,40
0,1311,1,75
0,1312,0,72
0,1313,0,60
0,1314,0,62
0,1315,0,76
0,1316,0,66
0,1317,0,45
0,1318,0,76
0,1319,0,78
0,1320,1,66
0,1321,0,61
0,1322,1,77
0,1323,0,70
0,1324,0,46
0,1325,0,73
0,1326,0,80
0,1327,1,70
0,1328,0,49
0,1329,0,68
0,1330,0,64
0,1331,0,51
0,1332,0,75
0,1333,1,69
0,1334,0,72
0,1335,1,45
0,1336,2,78
0,1337,1,65
0,1338,0,55
0,1339,0,75
0,1340,1,72
0,1341,0,76
0,1342,1,41
0,1343,0,73
0,1344,0,73
0,1345,0,48
0,1346,0,76
0,1347,0,68
0,1348,0,68
0,1349,1,36
0,1350,0,81
0,1351,3,70
0,1352,0,52
0,1353,0,88
0,1354,0,84
0,1355,0,58
0,1356,0,52
0,1357,0,74
0,1358,0,71
0,1359,0,46
0,1360,0,74
0,1361,0,79
0,1362,3,70
0,1363,0,54
0,1364,1,75
0,1365,0,63
0,1366,0,47
0,1367,0,74
0,1368,2,73
0,1369,1,62
0,1370,0,70
0,1371,0,66
0,1372,0,67
0,1373,0,46
0,1374,1,62
0,1375,1,59
0,1376,0,47
0,1377,1,78
0,1378,0,62
0,1379,0,71
0,1380,0,52
0,1381,2,91
0,1382,0,79
0,1383,0,68
0,1384,1,70
0,1385,0,71
0,1386,0,41
0,1387,0,82
0,1388,1,71
0,1389,1,50
0,1390,0,81
0,1391,0,68
0,1392,1,72
0,1393,0,47
0,1394,0,76
0,1395,0,71
0,1396,1,52
0,1397,1,74
0,1398,0,63
0,1399,0,68
0,1400,1,46
0,1401,1,70
0,1402,0,63
0,1403,0,44
0,1404,2,68
0,1405,0,66
0,1406,0,63
0,1407,1,47
0,1408,0,64
0,1409,1,59
0,1410,0,44
0,1411,0,75
0,1412,0,72
0,1413,0,61
0,1414,0,55
0,1415,1,65
0,1416,0,67
0,1417,0,43
0,1418,1,84
0,1419,0,65
0,1420,1,58
0,1421,1,64
0,1422,1,66
0,1423,1,66
0,1424,1,43
0,1425,1,80
0,1426,1,65
0,1427,0,47
0,1428,2,70
0,1429,0,69
0,1430,0,74
0,1431,0,48
0,1432,0,76
0,1433,0,68
0,1434,0,40
0,1435,0,77
0,1436,0,60
0,1437,0,74
0,1438,0,49
0,1439,1,77
0,1440,1,55
0,1441,0,45
0,1442,1,84
0,1443,0,72
0,1444,0,61
0,1445,0,62
0,1446,1,56
0,1447,0,51
0,1448,0,41
0,1449,0,69
0,1450,1,54
0,1451,0,46
0,1452,0,67
0,1453,3,62
0,1454,0,59
0,1455,0,41
0,1456,1,75
0,1457,1,57
0,1458,1,35
0,1459,1,74
0,1460,0,76
0,1461,1,55
0,1462,0,62
0,1463,0,67
0,1464,1,63
0,1465,0,41
0,1466,0,79
0,1467,1,58
0,1468,0,52
0,1469,1,74
0,1470,0,56
0,1471,2,61
0,1472,0,54
0,1473,1,75
0,1474,0,54
0,1475,0,33
0,1476,0,83
0,1477,4,67
0,1478,0,59
0,1479,0,85
0,1480,0,60
0,1481,0,38
0,1482,1,95
0,1483,1,68
0,1484,0,40
0,1485,1,73
0,1486,1,64
0,1487,1,57
0,1488,0,51
0,1489,1,69
0,1490,0,51
0,1491,1,28
0,1492,0,82
0,1493,0,62
0,1494,0,38
0,1495,0,74
0,1496,1,60
0,1497,0,63
0,1498,1,47
0,1499,1,86
0,1500,1,61
0,1501,0,40
0,1502,0,78
0,1503,0,65
0,1504,1,57
0,1505,1,56
0,1506,0,56
0,1507,0,59
0,1508,0,39
0,1509,0,67
0,1510,0,60
0,1511,0,40
0,1512,0,67
0,1513,0,60
0,1514,0,59
0,1515,1,47
0,1516,0,72
0,1517,1,58
0,1518,2,62
0,1519,0,92
0,1520,0,54
0,1521,1,40
0,1522,1,88
0,1523,0,62
0,1524,0,55
0,1525,0,61
0,1526,1,65
0,1527,1,65
0,1528,2,41
0,1529,0,79
0,1530,1,60
0,1531,0,31
0,1532,0,84
0,1533,1,71
0,1534,0,60
0,1535,0,50
0,1536,2,75
0,1537,0,66
0,1538,1,38
0,1539,2,97
0,1540,0,69
0,1541,0,47
0,1542,1,104
0,1543,0,71
0,1544,1,42
0,1545,0,89
0,1546,0,70
0,1547,0,52
0,1548,0,63
0,1549,0,64
0,1550,1,63
0,1551,0,45
0,1552,1,80
0,1553,0,63
0,1554,0,67
0,1555,3,100
0,1556,2,74
0,1557,0,64
0,1558,0,86
0,1559,0,66
0,1560,0,37
0,1561,1,89
0,1562,1,61
0,1563,0,44
0,1564,1,85
0,1565,1,72
0,1566,1,61
0,1567,0,59
0,1568,0,77
0,1569,0,75
0,1570,1,44
0,1571,1,90
0,1572,2,66
0,1573,0,52
0,1574,0,92
0,1575,1,75
0,1576,0,70
0,1577,0,71
0,1578,1,77
0,1579,0,66
0,1580,0,40
0,1581,1,106
0,1582,3,69
0,1583,1,55
0,1584,1,104
0,1585,0,67
0,1586,1,45
0,1587,0,92
0,1588,1,83
0,1589,0,56
0,1590,1,77
0,1591,2,92
0,1592,2,75
0,1593,2,103
0,1594,1,90
0,1595,1,48
0,1596,0,105
0,1597,1,80
0,1598,0,58
0,1599,0,82
0,1600,2,70
0,1601,0,66
0,1602,0,62
0,1603,0,82
0,1604,1,65
0,1605,0,43
0,1606,1,97
0,1607,2,65
0,1608,2,51
0,1609,0,42
0,1610,0,51
0,1611,0,51
0,1612,1,42
0,1613,0,48
0,1614,0,48
0,1615,0,36
0,1616,0,64
0,1617,0,55
0,1618,0,32
0,1619,0,63
0,1620,0,42
0,1621,0,51
0,1622,0,35
0,1623,0,49
0,1624,0,58
0,1625,1,32
0,1626,2,50
0,1627,0,50
0,1628,0,32
0,1629,1,58
0,1630,1,57
0,1631,1,50
0,1632,1,44
0,1633,1,49
0,1634,0,47
0,1635,0,42
0,1636,0,63
0,1637,0,46
0,1638,0,34
0,1639,0,60
0,1640,0,52
0,1641,0,38
0,1642,0,46
0,1643,0,50
0,1644,0,50
0,1645,0,39
0,1646,2,46
0,1647,0,48
0,1648,0,39
0,1649,0,54
0,1650,0,51
0,1651,0,30
0,1652,1,54
0,1653,1,47
0,1654,0,42
0,1655,0,47
0,1656,0,52
0,1657,1,53
0,1658,0,38
0,1659,0,59
0,1660,2,45
0,1661,0,29
0,1662,0,63
0,1663,0,46
0,1664,0,39
0,1665,0,51
0,1666,0,51
0,1667,0,48
0,1668,0,46
0,1669,0,44
0,1670,0,49
0,1671,0,31
0,1672,2,57
0,1673,0,46
0,1674,2,30
0,1675,1,64
0,1676,0,58
0,1677,0,48
0,1678,0,56
0,1679,1,51
0,1680,0,46
0,1681,0,45
0,1682,2,50
0,1683,1,55
0,1684,1,42
0,1685,1,53
0,1686,0,49
0,1687,0,34
0,1688,0,70
0,1689,1,46
0,1690,1,38
0,1691,1,66
0,1692,0,53
0,1693,0,48
0,1694,1,44
0,1695,0,43
0,1696,0,56
0,1697,0,42
0,1698,0,44
0,1699,0,44
0,1700,0,36
0,1701,1,63
0,1702,1,65
0,1703,0,37
0,1704,0,62
0,1705,0,47
0,1706,0,42
0,1707,0,53
0,1708,0,58
0,1709,0,49
0,1710,0,39
0,1711,1,55
0,1712,2,51
0,1713,1,43
0,1714,1,58
0,1715,0,57
0,1716,1,37
0,1717,1,62
0,1718,0,45
0,1719,0,43
0,1720,0,67
0,1721,0,44
0,1722,2,53
0,1723,0,46
0,1724,1,50
0,1725,1,49
0,1726,0,51
0,1727,3,65
0,1728,0,57
0,1729,1,49
0,1730,0,69
0,1731,0,51
0,1732,2,38
0,1733,1,60
0,1734,0,57
0,1735,0,56
0,1736,1,73
0,1737,0,58
0,1738,0,41
0,1739,0,78
0,1740,0,55
0,1741,0,50
0,1742,0,74
0,1743,0,65
0,1744,1,56
0,1745,0,59
0,1746,1,64
0,1747,0,57
0,1748,2,46
0,1749,2,69
0,1750,0,55
0,1751,0,33
0,1752,0,69
0,1753,3,68
0,1754,0,46
0,1755,1,76
0,1756,1,63
0,1757,0,50
0,1758,0,62
0,1759,0,63
0,1760,1,44
0,1761,1,90
0,1762,0,63
0,1763,0,40
0,1764,0,79
0,1765,1,59
0,1766,0,38
0,1767,1,71
0,1768,0,59
0,1769,0,42
0,1770,1,62
0,1771,1,68
0,1772,0,48
0,1773,0,41
0,1774,0,54
0,1775,1,51
0,1776,2,47
0,1777,1,51
0,1778,1,49
0,1779,0,38
0,1780,0,65
0,1781,1,57
0,1782,0,29
0,1783,3,71
0,1784,0,61
0,1785,0,36
0,1786,0,55
0,1787,0,50
0,1788,0,35
0,1789,0,58
0,1790,1,51
0,1791,1,49
0,1792,1,51
0,1793,1,62
0,1794,1,44
0,1795,1,56
0,1796,0,47
0,1797,1,49
0,1798,0,36
0,1799,1,60
0,1800,0,50
0,1801,1,26
0,1802,0,76
0,1803,1,50
0,1804,0,33
0,1805,1,62
0,1806,1,59
0,1807,0,40
0,1808,0,54
0,1809,0,64
0,1810,2,57
0,1811,0,55
0,1812,0,55
0,1813,0,45
0,1814,1,45
0,1815,0,55
0,1816,0,48
0,1817,1,47
0,1818,1,58
0,1819,0,53
0,1820,0,35
0,1821,1,63
0,1822,0,49
0,1823,0,27
0,1824,0,71
0,1825,0,59
0,1826,2,33
0,1827,1,77
0,1828,0,45
0,1829,0,35
0,1830,0,80
0,1831,3,62
0,1832,0,33
0,1833,0,72
0,1834,0,60
0,1835,1,33
0,1836,2,73
0,1837,1,64
0,1838,0,30
0,1839,3,74
0,1840,0,58
0,1841,0,45
0,1842,1,70
0,1843,1,72
0,1844,0,45
0,1845,0,52
0,1846,0,68
0,1847,0,50
0,1848,0,49
0,1849,2,65
0,1850,0,50
0,1851,0,47
0,1852,0,60
0,1853,0,45
0,1854,1,48
0,1855,1,69
0,1856,0,64
0,1857,2,39
0,1858,0,63
0,1859,0,53
0,1860,1,22
0,1861,0,68
0,1862,0,61
0,1863,1,32
0,1864,1,62
0,1865,0,63
0,1866,0,30
0,1867,0,68
0,1868,1,67
0,1869,1,45
0,1870,0,59
0,1871,0,64
0,1872,1,51
0,1873,1,49
0,1874,1,67
0,1875,0,58
0,1876,0,55
0,1877,0,62
0,1878,1,59
0,1879,1,52
0,1880,0,72
0,1881,0,61
0,1882,1,61
0,1883,2,67
0,1884,0,57
0,1885,0,39
0,1886,0,72
0,1887,4,58
0,1888,0,41
0,1889,0,73
0,1890,0,68
0,1891,0,28
0,1892,4,91
0,1893,0,65
0,1894,0,30
0,1895,0,86
0,1896,0,65
0,1897,1,33
0,1898,2,82
0,1899,0,66
0,1900,1,36
0,1901,3,79
0,1902,1,81
0,1903,1,37
0,1904,2,88
0,1905,0,63
0,1906,0,30
0,1907,1,75
0,1908,2,67
0,1909,0,36
0,1910,0,77
0,1911,2,58
0,1912,0,32
0,1913,1,77
0,1914,0,58
0,1915,0,47
0,1916,2,77
0,1917,0,61
0,1918,0,36
0,1919,1,70
0,1920,1,73
0,1921,0,44
0,1922,0,72
0,1923,0,75
0,1924,0,48
0,1925,1,64
0,1926,0,76
0,1927,1,49
0,1928,0,59
0,1929,0,81
0,1930,1,42
0,1931,3,61
0,1932,3,68
0,1933,0,53
0,1934,0,52
0,1935,0,73
0,1936,0,64
0,1937,1,48
0,1938,0,63
0,1939,1,60
0,1940,0,51
0,1941,2,67
0,1942,1,63
0,1943,0,51
0,1944,1,66
0,1945,2,51
0,1946,0,45
0,1947,0,62
0,1948,1,55
0,1949,1,37
0,1950,1,86
0,1951,2,54
0,1952,0,34
0,1953,1,84
0,1954,1,69
0,1955,0,30
0,1956,3,82
0,1957,0,69
0,1958,1,29
0,1959,0,76
0,1960,0,65
0,1961,1,33
0,1962,0,80
0,1963,0,59
0,1964,1,24
0,1965,1,88
0,1966,1,67
0,1967,0,32
0,1968,1,88
0,1969,2,73
0,1970,1,31
0,1971,2,84
0,1972,0,59
0,1973,0,26
0,1974,0,90
0,1975,1,68
0,1976,1,20
0,1977,1,87
0,1978,0,79
0,1979,2,30
0,1980,0,79
0,1981,0,77
0,1982,0,31
0,1983,0,83
0,1984,0,68
0,1985,0,24
0,1986,1,109
0,1987,1,66
0,1988,1,29
0,1989,0,90
0,1990,0,68
0,1991,0,27
0,1992,0,88
0,1993,0,72
0,1994,0,28
0,1995,1,100
0,1996,0,67
0,1997,0,26
0,1998,0,96
0,1999,1,72
0,2000,0,30
0,2001,2,100
0,2002,1,67
0,2003,0,24
0,2004,1,90
0,2005,0,83
0,2006,0,31
0,2007,1,84
0,2008,1,60
0,2009,0,30
0,2010,2,98
0,2011,1,65
0,2012,0,37
0,2013,0,95
0,2014,0,64
0,2015,0,31
0,2016,0,95
0,2017,0,84
0,2018,1,37
0,2019,3,90
0,2020,0,73
0,2021,0,35
0,2022,0,82
0,2023,1,71
0,2024,0,43
0,2025,0,92
0,2026,0,74
0,2027,0,41
0,2028,2,96
0,2029,1,63
0,2030,1,48
0,2031,1,84
0,2032,1,64
0,2033,0,45
0,2034,3,102
0,2035,0,66
0,2036,0,57
0,2037,0,87
0,2038,3,56
0,2039,2,59
0,2040,1,81
0,2041,2,70
0,2042,2,58
0,2043,0,76
0,2044,0,62
0,2045,0,72
0,2046,0,85
0,2047,1,58
0,2048,0,68
0,2049,0,84
0,2050,1,56
0,2051,1,69
0,2052,0,88
0,2053,2,67
0,2054,1,63
0,2055,2,72
0,2056,0,64
0,2057,0,81
0,2058,0,77
0,2059,1,58
0,2060,1,77
0,2061,2,87
0,2062,1,57
0,2063,0,70
0,2064,1,85
0,2065,0,48
0,2066,1,74
0,2067,0,81
0,2068,1,47
0,2069,1,96
0,2070,2,85
0,2071,1,50
0,2072,1,103
0,2073,1,85
0,2074,0,31
0,2075,0,112
0,2076,4,103
0,2077,0,43
0,2078,1,114
0,2079,0,84
0,2080,0,40
0,2081,1,115
0,2082,2,82
0,2083,0,43
0,2084,0,106
0,2085,2,94
0,2086,0,39
0,2087,1,115
0,2088,1,91
0,2089,2,44
0,2090,3,111
0,2091,0,84
0,2092,0,33
0,2093,1,118
0,2094,0,93
0,2095,0,46
0,2096,0,104
0,2097,0,87
0,2098,1,49
0,2099,5,104
0,2100,0,97
0,2101,0,46
0,2102,2,98
0,2103,3,139
0,2104,2,77
0,2105,0,93
0,2106,2,71
0,2107,1,65
0,2108,1,90
0,2109,3,85
0,2110,4,76
0,2111,0,94
0,2112,0,80
0,2113,1,67
0,2114,0,100
0,2115,1,81
0,2116,0,84
0,2117,0,100
0,2118,0,65
0,2119,0,72
0,2120,1,95
0,2121,3,72
0,2122,3,77
0,2123,3,96
0,2124,0,73
0,2125,1,79
0,2126,0,101
0,2127,0,71
0,2128,0,80
0,2129,2,95
0,2130,1,69
0,2131,0,69
0,2132,0,106
0,2133,0,71
0,2134,0,68
0,2135,0,95
0,2136,2,83
0,2137,3,64
0,2138,0,95
0,2139,1,80
0,2140,0,55
0,2141,0,100
0,2142,0,92
0,2143,2,46
0,2144,1,105
0,2145,3,78
0,2146,0,38
0,2147,1,113
0,2148,2,77
0,2149,0,35
0,2150,1,105
0,2151,1,87
0,2152,1,34
0,2153,4,128
0,2154,4,92
0,2155,3,75
0,2156,2,95
0,2157,0,63
0,2158,0,82
0,2159,1,95
0,2160,0,73
0,2161,0,71
0,2162,1,86
0,2163,0,64
0,2164,0,65
0,2165,0,96
0,2166,0,75
0,2167,0,42
0,2168,0,78
0,2169,1,84
0,2170,1,45
0,2171,1,108
0,2172,0,81
0,2173,0,33
0,2174,1,99
0,2175,2,88
0,2176,2,47
0,2177,0,100
0,2178,0,80
0,2179,0,52
0,2180,2,81
0,2181,2,88
0,2182,2,56
0,2183,0,72
0,2184,0,94
0,2185,1,68
0,2186,1,61
0,2187,1,92
0,2188,1,66
0,2189,1,56
0,2190,0,76
0,2191,0,75
0,2192,0,46
0,2193,1,93
0,2194,4,81
0,2195,0,31
0,2196,1,93
0,2197,0,83
0,2198,0,32
0,2199,2,101
0,2200,1,78
0,2201,1,44
0,2202,2,75
0,2203,0,74
0,2204,1,63
0,2205,4,64
0,2206,0,81
0,2207,0,68
0,2208,1,62
0,2209,2,84
0,2210,0,77
0,2211,0,47
0,2212,2,83
0,2213,0,83
0,2214,0,33
0,2215,1,88
0,2216,1,82
0,2217,0,26
0,2218,0,95
0,2219,0,77
0,2220,0,48
0,2221,1,91
0,2222,0,68
0,2223,0,50
0,2224,0,59
0,2225,2,82
0,2226,0,65
0,2227,0,57
0,2228,3,76
0,2229,1,76
0,2230,0,37
0,2231,2,93
0,2232,1,73
0,2233,0,30
0,2234,2,96
0,2235,1,81
0,2236,0,43
0,2237,1,81
0,2238,2,84
0,2239,0,41
0,2240,0,65
0,2241,2,79
0,2242,1,61
0,2243,1,60
0,2244,0,80
0,2245,1,59
0,2246,1,47
0,2247,0,78
0,2248,2,75
0,2249,0,29
0,2250,0,92
0,2251,0,70
0,2252,0,36
0,2253,1,83
0,2254,1,73
0,2255,1,52
0,2256,0,64
0,2257,0,74
0,2258,1,62
0,2259,1,49
0,2260,1,84
0,2261,1,74
0,2262,1,41
0,2263,0,93
0,2264,0,76
0,2265,1,21
0,2266,3,89
0,2267,3,81
0,2268,0,39
0,2269,1,76
0,2270,1,75
0,2271,2,51
0,2272,2,60
0,2273,1,74
0,2274,1,63
0,2275,1,57
0,2276,0,74
0,2277,2,82
0,2278,1,57
0,2279,1,82
0,2280,0,65
0,2281,1,50
0,2282,1,73
0,2283,0,72
0,2284,0,31
0,2285,0,88
0,2286,0,71
0,2287,0,28
0,2288,0,77
0,2289,0,72
0,2290,0,46
0,2291,1,49
0,2292,1,73
0,2293,0,64
0,2294,1,42
0,2295,1,64
0,2296,0,70
0,2297,0,29
0,2298,0,78
0,2299,0,68
0,2300,0,31
0,2301,3,74
0,2302,1,68
0,2303,0,56
0,2304,0,46
0,2305,0,66
0,2306,0,63
0,2307,0,35
0,2308,3,77
0,2309,3,69
0,2310,0,28
0,2311,1,82
0,2312,2,79
0,2313,2,29
0,2314,1,77
0,2315,0,77
0,2316,0,41
0,2317,1,64
0,2318,1,73
0,2319,0,46
0,2320,0,56
0,2321,0,81
0,2322,3,79
0,2323,1,65
0,2324,1,87
0,2325,1,53
0,2326,1,60
0,2327,1,68
0,2328,2,69
0,2329,2,60
0,2330,3,88
0,2331,0,52
0,2332,1,68
0,2333,3,78
0,2334,1,58
0,2335,0,65
0,2336,1,72
0,2337,0,56
0,2338,0,55
0,2339,2,79
0,2340,0,65
0,2341,0,32
0,2342,0,72
0,2343,1,67
0,2344,1,26
0,2345,2,87
0,2346,2,89
0,2347,0,34
0,2348,1,82
0,2349,0,102
0,2350,0,37
0,2351,0,99
0,2352,1,75
0,2353,0,28
0,2354,2,84
0,2355,0,68
0,2356,0,41
0,2357,3,70
0,2358,0,75
0,2359,4,70
0,2360,4,85
0,2361,2,78
0,2362,0,49
0,2363,2,76
0,2364,2,73
0,2365,1,47
0,2366,0,55
0,2367,4,75
0,2368,0,75
0,2369,2,38
0,2370,1,73
0,2371,1,73
0,2372,0,25
0,2373,0,75
0,2374,1,75
0,2375,0,52
0,2376,1,65
0,2377,1,72
0,2378,0,67
0,2379,0,38
0,2380,1,74
0,2381,0,76
0,2382,0,30
0,2383,1,75
0,2384,0,69
0,2385,0,40
0,2386,0,62
0,2387,0,75
0,2388,0,62
0,2389,0,45
0,2390,1,74
0,2391,0,65
0,2392,2,57
0,2393,3,78
0,2394,3,60
0,2395,0,36
0,2396,0,72
0,2397,2,71
0,2398,1,30
0,2399,1,72
0,2400,0,59
0,2401,1,46
0,2402,1,52
0,2403,0,71
0,2404,1,57
0,2405,1,32
0,2406,0,69
0,2407,0,60
0,2408,0,29
0,2409,0,73
0,2410,2,65
0,2411,1,55
0,2412,0,47
0,2413,0,58
0,2414,0,67
0,2415,1,20
0,2416,0,71
0,2417,0,67
0,2418,0,36
0,2419,0,53
0,2420,3,64
0,2421,1,54
0,2422,0,36
0,2423,0,66
0,2424,0,74
0,2425,0,27
0,2426,0,69
0,2427,1,56
0,2428,1,54
0,2429,1,58
0,2430,2,83
0,2431,0,49
0,2432,0,66
0,2433,0,58
0,2434,0,49
0,2435,0,39
0,2436,0,52
0,2437,3,67
0,2438,1,27
0,2439,0,64
0,2440,0,55
0,2441,0,43
0,2442,0,49
0,2443,1,56
0,2444,1,57
0,2445,1,27
0,2446,1,69
0,2447,2,65
0,2448,0,32
0,2449,1,58
0,2450,0,71
0,2451,0,50
0,2452,0,41
0,2453,0,66
0,2454,0,62
0,2455,2,41
0,2456,1,66
0,2457,0,67
0,2458,0,46
0,2459,0,73
0,2460,2,67
0,2461,0,24
0,2462,0,67
0,2463,0,58
0,2464,1,39
0,2465,1,63
0,2466,0,56
0,2467,0,63
0,2468,1,40
0,2469,1,59
0,2470,1,70
0,2471,0,26
0,2472,1,63
0,2473,3,84
0,2474,0,33
0,2475,0,74
0,2476,1,76
0,2477,0,28
0,2478,0,65
0,2479,1,62
0,2480,0,52
0,2481,0,38
0,2482,1,62
0,2483,0,63
0,2484,0,28
0,2485,2,73
0,2486,1,58
0,2487,0,47
0,2488,1,46
0,2489,0,62
0,2490,1,64
0,2491,0,34
0,2492,1,67
0,2493,0,66
0,2494,0,32
0,2495,0,62
0,2496,2,63
0,2497,1,56
0,2498,0,35
0,2499,0,61
0,2500,0,70
0,2501,0,27
0,2502,1,76
0,2503,0,65
0,2504,0,52
0,2505,0,63
0,2506,0,71
0,2507,0,46
0,2508,3,55
0,2509,0,73
0,2510,0,51
0,2511,0,37
0,2512,0,54
0,2513,1,62
0,2514,1,38
0,2515,0,66
0,2516,0,59
0,2517,1,54
0,2518,0,37
0,2519,0,56
0,2520,1,66
0,2521,1,25
0,2522,2,84
0,2523,0,78
0,2524,0,27
0,2525,0,80
0,2526,0,59
0,2527,0,34
0,2528,2,64
0,2529,0,66
0,2530,0,59
0,2531,0,33
0,2532,0,60
0,2533,1,67
0,2534,1,37
0,2535,1,70
0,2536,0,70
0,2537,1,55
0,2538,0,47
0,2539,0,60
0,2540,0,74
0,2541,0,30
0,2542,0,68
0,2543,1,89
0,2544,2,45
0,2545,0,78
0,2546,1,72
0,2547,0,32
0,2548,0,69
0,2549,2,65
0,2550,0,45
0,2551,0,39
0,2552,2,80
0,2553,1,57
0,2554,0,32
0,2555,1,64
0,2556,0,66
0,2557,0,34
0,2558,1,56
0,2559,0,61
0,2560,1,61
0,2561,0,28
0,2562,0,66
0,2563,4,81
0,2564,0,52
0,2565,1,54
0,2566,1,71
0,2567,0,34
0,2568,0,66
0,2569,0,65
0,2570,1,37
0,2571,0,66
0,2572,1,67
0,2573,0,50
0,2574,0,39
0,2575,1,83
0,2576,0,63
0,2577,0,29
0,2578,0,69
0,2579,0,70
0,2580,0,33
0,2581,2,54
0,2582,1,62
0,2583,1,61
0,2584,1,23
0,2585,1,70
0,2586,3,76
0,2587,0,41
0,2588,1,57
0,2589,0,73
0,2590,1,31
0,2591,1,65
0,2592,3,57
0,2593,0,36
0,2594,2,61
0,2595,0,62
0,2596,0,59
0,2597,1,33
0,2598,0,59
0,2599,0,67
0,2600,0,34
0,2601,2,62
0,2602,2,57
0,2603,1,61
0,2604,0,45
0,2605,0,56
0,2606,0,68
0,2607,0,26
0,2608,0,69
0,2609,1,65
0,2610,1,35
0,2611,1,51
0,2612,0,58
0,2613,2,68
0,2614,0,24
0,2615,1,68
0,2616,1,62
0,2617,0,24
0,2618,0,55
0,2619,0,49
0,2620,0,53
0,2621,1,28
0,2622,1,62
0,2623,0,57
0,2624,1,35
0,2625,0,58
0,2626,0,58
0,2627,0,53
0,2628,0,49
0,2629,1,64
0,2630,0,66
0,2631,0,33
0,2632,1,65
0,2633,0,65
0,2634,1,36
0,2635,1,61
0,2636,0,47
0,2637,0,61
0,2638,0,26
0,2639,0,66
0,2640,2,67
0,2641,0,26
0,2642,2,66
0,2643,0,56
0,2644,0,56
0,2645,0,33
0,2646,1,64
0,2647,1,67
0,2648,0,38
0,2649,0,76
0,2650,0,62
0,2651,0,39
0,2652,0,59
0,2653,0,56
0,2654,1,55
0,2655,1,32
0,2656,0,60
0,2657,0,59
0,2658,0,35
0,2659,2,50
0,2660,0,49
0,2661,0,59
0,2662,0,27
0,2663,0,55
0,2664,0,62
0,2665,0,37
0,2666,0,50
0,2667,1,61
0,2668,3,60
0,2669,0,29
0,2670,1,66
0,2671,3,69
0,2672,0,29
0,2673,2,52
0,2674,0,53
0,2675,1,52
0,2676,0,32
0,2677,0,63
0,2678,0,53
0,2679,0,31
0,2680,1,56
0,2681,0,61
0,2682,0,57
0,2683,0,36
0,2684,1,58
0,2685,1,64
0,2686,1,30
0,2687,0,60
0,2688,0,50
0,2689,0,50
0,2690,0,34
0,2691,2,55
0,2692,0,53
0,2693,0,33
0,2694,0,57
0,2695,0,59
0,2696,0,50
0,2697,2,54
0,2698,0,76
0,2699,0,52
0,2700,1,64
0,2701,1,65
0,2702,2,45
0,2703,1,49
0,2704,0,50
0,2705,2,60
0,2706,1,30
0,2707,2,60
0,2708,1,62
0,2709,1,32
0,2710,0,53
0,2711,2,56
0,2712,0,55
0,2713,1,34
0,2714,2,60
0,2715,1,64
0,2716,0,37
0,2717,1,49
0,2718,0,56
0,2719,0,59
0,2720,1,30
0,2721,0,62
0,2722,0,66
0,2723,1,41
0,2724,0,70
0,2725,0,68
0,2726,0,30
0,2727,0,60
0,2728,1,89
0,2729,0,37
0,2730,0,51
0,2731,0,56
0,2732,0,62
0,2733,0,29
0,2734,1,63
0,2735,0,66
0,2736,0,36
0,2737,1,54
0,2738,0,58
0,2739,0,63
0,2740,1,32
0,2741,2,61
0,2742,0,58
0,2743,0,35
0,2744,0,57
0,2745,0,59
0,2746,0,65
0,2747,1,35
0,2748,0,63
0,2749,0,67
0,2750,1,28
0,2751,1,70
0,2752,0,56
0,2753,2,59
0,2754,0,35
0,2755,0,58
0,2756,1,63
0,2757,0,28
0,2758,0,61
0,2759,1,57
0,2760,1,70
0,2761,1,42
0,2762,0,71
0,2763,0,60
0,2764,1,35
0,2765,0,58
0,2766,1,61
0,2767,0,29
0,2768,0,61
0,2769,1,49
0,2770,1,60
0,2771,1,32
0,2772,0,58
0,2773,1,68
0,2774,0,30
0,2775,1,58
0,2776,0,53
0,2777,0,61
0,2778,0,30
0,2779,0,52
0,2780,1,61
0,2781,0,29
0,2782,1,54
0,2783,1,52
0,2784,0,55
0,2785,1,33
0,2786,0,57
0,2787,1,63
0,2788,0,30
0,2789,2,47
0,2790,2,52
0,2791,0,62
0,2792,0,30
0,2793,0,47
0,2794,1,58
0,2795,1,35
0,2796,0,53
0,2797,0,49
0,2798,0,65
0,2799,1,31
0,2800,1,64
0,2801,0,60
0,2802,0,30
0,2803,1,42
0,2804,1,56
0,2805,0,58
0,2806,0,26
0,2807,1,55
0,2808,0,62
0,2809,0,35
0,2810,0,57
0,2811,1,51
0,2812,1,62
0,2813,0,30
0,2814,0,57
0,2815,2,56
0,2816,0,25
0,2817,0,51
0,2818,1,55
0,2819,0,51
0,2820,0,28
0,2821,0,57
0,2822,0,57
0,2823,1,32
0,2824,1,50
0,2825,1,59
0,2826,0,59
0,2827,1,31
0,2828,1,54
0,2829,0,63
0,2830,0,29
0,2831,3,60
0,2832,1,61
0,2833,1,56
0,2834,1,33
0,2835,0,61
0,2836,0,59
0,2837,0,22
0,2838,1,50
0,2839,0,50
0,2840,0,39
0,2841,1,36
0,2842,1,53
0,2843,0,59
0,2844,0,26
0,2845,0,44
0,2846,0,60
0,2847,0,51
0,2848,0,33
0,2849,1,61
0,2850,0,53
0,2851,0,26
0,2852,1,55
0,2853,0,51
0,2854,1,54
0,2855,0,31
0,2856,1,55
0,2857,2,57
0,2858,0,29
0,2859,0,56
0,2860,0,59
0,2861,0,48
0,2862,0,40
0,2863,0,59
0,2864,0,60
0,2865,0,29
0,2866,1,50
0,2867,2,63
0,2868,0,45
0,2869,1,59
0,2870,0,55
0,2871,0,50
0,2872,0,34
0,2873,1,61
0,2874,0,56
0,2875,0,25
0,2876,0,63
0,2877,1,61
0,2878,0,42
0,2879,0,39
0,2880,1,62
0,2881,0,68
0,2882,0,39
0,2883,2,62
0,2884,1,60
0,2885,0,29
0,2886,2,67
0,2887,3,56
0,2888,1,24
0,2889,2,50
0,2890,0,47
0,2891,0,40
0,2892,0,35
0,2893,0,58
0,2894,0,53
0,2895,2,43
0,2896,1,72
0,2897,2,77
0,2898,0,35
0,2899,1,56
0,2900,0,59
0,2901,0,40
0,2902,0,51
0,2903,1,62
0,2904,0,60
0,2905,0,41
0,2906,0,66
0,2907,0,66
0,2908,0,37
0,2909,0,52
0,2910,2,67
0,2911,2,68
0,2912,0,41
0,2913,1,62
0,2914,0,73
0,2915,0,36
0,2916,3,58
0,2917,0,65
0,2918,0,67
0,2919,1,35
0,2920,0,59
0,2921,1,71
0,2922,0,35
0,2923,0,62
0,2924,0,64
0,2925,2,61
0,2926,0,36
0,2927,0,67
0,2928,2,86
0,2929,0,41
0,2930,3,77
0,2931,0,86
0,2932,1,42
0,2933,1,54
0,2934,0,76
0,2935,1,26
0,2936,0,61
0,2937,2,55
0,2938,0,56
0,2939,2,47
0,2940,0,70
0,2941,1,74
0,2942,0,42
0,2943,0,61
0,2944,0,68
0,2945,0,48
0,2946,0,50
0,2947,0,69
0,2948,0,62
0,2949,0,40
0,2950,0,64
0,2951,0,57
0,2952,1,55
0,2953,1,47
0,2954,1,73
0,2955,1,68
0,2956,0,33
0,2957,0,62
0,2958,0,69
0,2959,0,61
0,2960,0,49
0,2961,1,70
0,2962,1,76
0,2963,3,37
0,2964,1,67
0,2965,0,59
0,2966,0,54
0,2967,0,47
0,2968,1,70
0,2969,0,69
0,2970,1,37
0,2971,0,64
0,2972,0,70
0,2973,1,53
0,2974,1,51
0,2975,0,69
0,2976,1,71
0,2977,0,37
0,2978,0,57
0,2979,0,57
0,2980,0,53
0,2981,0,54
0,2982,1,71
0,2983,0,69
0,2984,1,36
0,2985,2,64
0,2986,0,64
0,2987,0,55
0,2988,0,42
0,2989,0,73
0,2990,0,62
0,2991,0,32
0,2992,2,62
0,2993,0,60
0,2994,1,50
0,2995,0,49
0,2996,1,66
0,2997,1,64
0,2998,0,27
0,2999,0,61
0,3000,1,56
0,3001,1,52
0,3002,0,49
0,3003,1,68
0,3004,0,70
0,3005,0,31
0,3006,2,65
0,3007,0,62
0,3008,0,49
0,3009,1,49
0,3010,0,70
0,3011,1,63
0,3012,0,28
0,3013,0,64
0,3014,0,61
0,3015,0,41
0,3016,0,52
0,3017,2,68
0,3018,2,61
0,3019,0,35
0,3020,0,60
0,3021,0,68
0,3022,1,52
0,3023,0,47
0,3024,1,70
0,3025,2,68
0,3026,0,31
0,3027,0,60
0,3028,0,64
0,3029,0,47
0,3030,1,42
0,3031,0,70
0,3032,0,63
0,3033,0,32
0,3034,0,65
0,3035,1,60
0,3036,1,52
0,3037,0,44
0,3038,0,62
0,3039,1,61
0,3040,2,37
0,3041,0,56
0,3042,3,71
0,3043,1,60
0,3044,0,49
0,3045,0,62
0,3046,1,63
0,3047,1,36
0,3048,0,68
0,3049,0,69
0,3050,0,57
0,3051,1,45
0,3052,0,63
0,3053,0,64
0,3054,0,39
0,3055,1,59
0,3056,2,71
0,3057,0,54
0,3058,0,47
0,3059,1,58
0,3060,0,68
0,3061,0,34
0,3062,0,55
0,3063,1,63
0,3064,0,57
0,3065,0,47
0,3066,0,63
