thread,iterations,update_time,updates
3,1,0,0
3,2,0,0
3,3,0,0
3,4,0,0
3,5,0,1
3,6,0,3
3,7,0,3
3,8,0,3
3,9,0,4
3,10,0,5
3,11,1,5
3,12,0,6
3,13,0,7
3,14,0,7
3,15,1,8
3,16,0,9
3,17,0,10
3,18,0,11
3,19,0,11
3,20,0,11
3,21,0,12
3,22,1,13
3,23,0,13
3,24,0,13
3,25,0,14
3,26,1,14
3,27,1,14
3,28,1,15
3,29,0,17
3,30,0,17
3,31,0,18
3,32,1,19
3,33,0,20
3,34,0,21
3,35,0,21
3,36,0,22
3,37,1,22
3,38,1,22
3,39,0,23
3,40,0,24
3,41,0,24
3,42,0,25
3,43,0,26
3,44,1,27
3,45,1,27
3,46,0,27
3,47,0,28
3,48,0,28
3,49,0,30
3,50,0,30
3,51,0,32
3,52,0,32
3,53,0,33
3,54,0,33
3,55,0,33
3,56,0,33
3,57,0,34
3,58,1,35
3,59,1,35
3,60,0,35
3,61,0,35
3,62,0,36
3,63,0,37
3,64,0,37
3,65,1,37
3,66,1,38
3,67,1,38
3,68,1,39
3,69,1,40
3,70,0,41
3,71,0,41
3,72,0,41
3,73,0,42
3,74,0,43
3,75,0,44
3,76,1,45
3,77,1,45
3,78,1,46
3,79,0,47
3,80,0,47
3,81,1,48
3,82,1,50
3,83,1,50
3,84,1,50
3,85,0,50
3,86,0,51
3,87,1,52
3,88,0,52
3,89,1,52
3,90,0,53
3,91,1,53
3,92,0,55
3,93,0,56
3,94,1,56
3,95,0,56
3,96,1,57
3,97,0,57
3,98,0,58
3,99,0,59
3,100,0,60
3,101,1,61
3,102,1,61
3,103,1,62
3,104,1,62
3,105,1,62
3,106,0,63
3,107,0,63
3,108,1,63
3,109,1,64
3,110,1,65
3,111,1,65
3,112,1,66
3,113,1,67
3,114,2,67
3,115,2,68
3,116,4,70
3,117,1,72
3,118,1,74
3,119,1,74
3,120,4,74
3,121,3,75
3,122,2,76
3,123,2,76
3,124,1,76
3,125,0,77
3,126,2,77
3,127,2,78
3,128,0,78
3,129,2,78
3,130,1,81
3,131,1,82
3,132,2,85
3,133,2,85
3,134,2,86
3,135,1,87
3,136,1,89
3,137,1,90
3,138,1,91
3,139,2,91
3,140,1,92
3,141,1,94
3,142,1,95
3,143,1,95
3,144,2,95
3,145,1,95
3,146,1,96
3,147,1,97
3,148,1,97
3,149,2,98
3,150,0,98
3,151,2,99
3,152,1,99
3,153,1,99
3,154,1,99
3,155,1,99
3,156,2,98
3,157,1,98
3,158,2,98
3,159,1,98
3,160,1,98
3,161,1,99
3,162,1,100
3,163,2,101
3,164,1,101
3,165,2,101
3,166,1,101
3,167,2,101
3,168,2,103
3,169,1,103
3,170,2,105
3,171,1,105
3,172,2,105
3,173,1,107
3,174,1,108
3,175,2,108
3,176,1,108
3,177,1,108
3,178,1,109
3,179,2,109
3,180,1,109
3,181,2,109
3,182,1,110
3,183,1,112
3,184,2,112
3,185,2,112
3,186,1,112
3,187,1,112
3,188,1,112
3,189,2,112
3,190,1,113
3,191,2,113
3,192,1,114
3,193,1,115
3,194,1,116
3,195,2,116
3,196,2,117
3,197,1,117
3,198,2,117
3,199,1,119
3,200,2,119
3,201,1,119
3,202,2,119
3,203,1,120
3,204,2,121
3,205,2,121
3,206,2,122
3,207,2,124
3,208,1,124
3,209,1,125
3,210,2,126
3,211,1,126
3,212,1,127
3,213,1,128
3,214,2,129
3,215,2,129
3,216,2,130
3,217,1,131
3,218,1,131
3,219,1,131
3,220,1,131
3,221,2,132
3,222,2,133
3,223,1,132
3,224,2,132
3,225,2,132
3,226,2,132
3,227,1,133
3,228,2,134
3,229,1,134
3,230,3,136
3,231,2,137
3,232,2,138
3,233,2,139
3,234,1,139
3,235,2,139
3,236,2,140
3,237,5,143
3,238,4,144
3,239,3,144
3,240,1,146
3,241,2,146
3,242,1,146
3,243,1,148
3,244,2,149
3,245,1,151
3,246,2,151
3,247,1,152
3,248,1,153
3,249,2,153
3,250,1,155
3,251,2,157
3,252,2,157
3,253,2,157
3,254,2,157
3,255,3,159
3,256,2,160
3,257,1,161
3,258,2,161
3,259,1,162
3,260,3,162
3,261,1,164
3,262,1,164
3,263,3,166
3,264,3,166
3,265,3,167
3,266,1,167
3,267,1,168
3,268,2,169
3,269,3,169
3,270,3,168
3,271,2,167
3,272,2,168
3,273,2,169
3,274,2,169
3,275,2,170
3,276,2,171
3,277,4,170
3,278,1,171
3,279,3,172
3,280,2,173
3,281,2,175
3,282,3,176
3,283,3,176
3,284,2,177
3,285,1,179
3,286,2,181
3,287,2,181
3,288,2,180
3,289,2,182
3,290,2,183
3,291,10,183
3,292,4,185
3,293,1,185
3,294,2,188
3,295,1,189
3,296,1,189
3,297,2,189
3,298,4,190
3,299,4,192
3,300,2,192
3,301,1,193
3,302,2,194
3,303,3,194
3,304,5,195
3,305,4,195
3,306,10,195
3,307,7,195
3,308,3,195
3,309,2,198
3,310,2,198
3,311,3,198
3,312,2,199
3,313,3,200
3,314,2,201
3,315,3,202
3,316,3,203
3,317,2,203
3,318,3,205
3,319,3,205
3,320,2,205
3,321,2,206
3,322,2,206
3,323,2,206
3,324,3,208
3,325,2,208
3,326,2,209
3,327,2,209
3,328,2,210
3,329,2,210
3,330,3,211
3,331,5,212
3,332,3,212
3,333,4,212
3,334,2,212
3,335,2,212
3,336,2,212
3,337,4,212
3,338,3,213
3,339,3,213
3,340,3,213
3,341,4,214
3,342,4,215
3,343,2,216
3,344,3,216
3,345,2,216
3,346,3,217
3,347,2,218
3,348,3,219
3,349,4,219
3,350,5,221
3,351,2,221
3,352,1,222
3,353,3,224
3,354,2,224
3,355,3,224
3,356,2,225
3,357,2,225
3,358,3,226
3,359,4,226
3,360,2,227
3,361,3,228
3,362,3,228
3,363,2,228
3,364,4,228
3,365,3,229
3,366,3,229
3,367,2,229
3,368,3,228
3,369,4,229
3,370,3,232
3,371,3,233
3,372,3,233
3,373,3,233
3,374,2,234
3,375,6,235
3,376,3,236
3,377,3,237
3,378,4,238
3,379,4,239
3,380,3,240
3,381,4,240
3,382,8,240
3,383,5,242
3,384,3,244
3,385,4,246
3,386,3,246
3,387,4,247
3,388,2,248
3,389,3,249
3,390,2,249
3,391,3,249
3,392,3,249
3,393,4,250
3,394,4,251
3,395,2,252
3,396,3,252
3,397,3,253
3,398,3,253
3,399,3,254
3,400,2,256
3,401,3,255
3,402,3,256
3,403,3,256
3,404,2,257
3,405,4,257
3,406,7,256
3,407,15,256
3,408,27,256
3,409,3,255
3,410,2,256
3,411,3,256
3,412,3,256
3,413,3,256
3,414,4,256
3,415,2,256
3,416,3,256
3,417,7,256
3,418,3,256
3,419,6,256
3,420,14,256
3,421,4,256
3,422,6,256
3,423,5,257
3,424,3,258
3,425,3,258
3,426,6,258
3,427,2,258
3,428,2,258
3,429,2,258
3,430,3,258
3,431,2,258
3,432,3,258
3,433,4,258
3,434,6,257
3,435,3,258
3,436,3,259
3,437,4,259
3,438,4,260
3,439,3,260
3,440,3,260
3,441,7,260
3,442,4,260
3,443,3,260
3,444,3,260
3,445,4,260
3,446,3,260
3,447,3,259
3,448,6,258
3,449,4,257
3,450,6,257
3,451,8,257
3,452,11,257
3,453,8,257
3,454,5,257
3,455,13,257
3,456,9,257
3,457,6,258
3,458,10,258
3,459,15,258
3,460,13,258
3,461,6,258
3,462,6,258
3,463,17,256
3,464,7,255
3,465,20,255
3,466,8,252
3,467,7,252
3,468,10,252
3,469,9,252
3,470,7,253
3,471,3,253
3,472,5,253
3,473,5,254
3,474,7,254
3,475,4,254
3,476,5,254
3,477,5,254
3,478,3,255
3,479,6,255
3,480,17,255
3,481,14,253
3,482,10,253
3,483,5,252
3,484,5,252
3,485,4,252
3,486,9,252
3,487,8,254
3,488,9,255
3,489,6,255
3,490,6,256
3,491,11,255
3,492,3,255
3,493,3,255
3,494,5,254
3,495,5,254
3,496,3,254
3,497,4,254
3,498,3,252
3,499,3,252
3,500,3,252
3,501,4,252
3,502,4,252
3,503,4,253
3,504,2,253
3,505,3,253
3,506,2,253
3,507,3,253
3,508,2,253
3,509,3,252
3,510,2,252
3,511,4,252
3,512,3,252
3,513,3,252
3,514,4,252
3,515,2,252
3,516,3,252
3,517,4,252
3,518,3,252
3,519,3,252
3,520,3,253
3,521,2,253
3,522,4,253
3,523,2,253
3,524,4,253
3,525,3,252
3,526,4,252
3,527,3,252
3,528,3,251
3,529,3,251
3,530,4,251
3,531,3,250
3,532,3,250
3,533,2,250
3,534,4,250
3,535,2,250
3,536,5,250
3,537,4,250
3,538,4,250
3,539,4,250
3,540,3,250
3,541,3,249
3,542,2,249
3,543,3,249
3,544,2,249
3,545,2,250
3,546,2,248
3,547,4,248
3,548,3,249
3,549,3,249
3,550,3,249
3,551,3,248
3,552,4,248
3,553,2,248
3,554,3,249
3,555,3,249
3,556,3,249
3,557,4,247
3,558,4,247
3,559,3,247
3,560,2,247
3,561,3,247
3,562,2,247
3,563,3,247
3,564,4,247
3,565,4,246
3,566,2,245
3,567,3,244
3,568,3,244
3,569,4,242
3,570,3,241
3,571,4,241
3,572,3,241
3,573,5,241
3,574,3,241
3,575,3,241
3,576,4,241
3,577,6,241
3,578,3,241
3,579,3,241
3,580,6,242
3,581,6,242
3,582,3,242
3,583,10,242
3,584,10,242
3,585,8,243
3,586,4,243
3,587,2,243
3,588,2,242
3,589,2,242
3,590,4,242
3,591,2,242
3,592,2,242
3,593,4,243
3,594,7,243
3,595,12,243
3,596,8,243
3,597,4,243
3,598,4,243
3,599,6,243
3,600,3,243
3,601,2,243
3,602,3,243
3,603,3,243
3,604,5,243
3,605,14,243
3,606,7,243
3,607,5,243
3,608,12,243
3,609,12,241
3,610,14,241
3,611,9,241
3,612,5,241
3,613,2,242
3,614,3,242
3,615,3,242
3,616,4,243
3,617,11,243
3,618,17,243
3,619,15,243
3,620,8,243
3,621,16,243
3,622,10,243
3,623,10,242
3,624,6,242
3,625,9,241
3,626,14,241
3,627,9,241
3,628,8,240
3,629,6,240
3,630,6,240
3,631,4,239
3,632,4,238
3,633,2,238
3,634,2,238
3,635,3,238
3,636,2,238
3,637,4,238
3,638,3,237
3,639,2,237
3,640,2,235
3,641,3,234
3,642,3,234
3,643,3,234
3,644,4,234
3,645,3,234
3,646,3,234
3,647,2,234
3,648,2,232
3,649,3,232
3,650,5,232
3,651,2,232
3,652,3,232
3,653,2,232
3,654,3,231
3,655,3,230
3,656,3,230
3,657,2,230
3,658,2,230
3,659,5,230
3,660,2,230
3,661,2,230
3,662,3,230
3,663,2,230
3,664,3,230
3,665,4,230
3,666,3,230
3,667,4,230
3,668,2,230
3,669,3,230
3,670,2,230
3,671,1,230
3,672,4,230
3,673,4,229
3,674,5,229
3,675,5,228
3,676,14,229
3,677,5,229
3,678,7,228
3,679,13,228
3,680,5,227
3,681,6,227
3,682,2,227
3,683,4,227
3,684,3,226
3,685,3,226
3,686,3,226
3,687,8,225
3,688,8,225
3,689,3,225
3,690,2,225
3,691,5,224
3,692,2,224
3,693,8,225
3,694,12,225
3,695,8,225
3,696,10,225
3,697,8,224
3,698,4,224
3,699,5,223
3,700,8,224
3,701,6,224
3,702,4,224
3,703,2,224
3,704,1,224
3,705,2,224
3,706,4,225
3,707,2,225
3,708,3,225
3,709,8,225
3,710,9,225
3,711,4,228
3,712,6,230
3,713,6,231
3,714,4,231
3,715,2,231
3,716,2,231
3,717,3,231
3,718,2,231
3,719,2,231
3,720,2,231
3,721,4,231
3,722,1,231
3,723,3,231
3,724,4,231
3,725,2,231
3,726,4,231
3,727,9,231
3,728,13,231
3,729,8,231
3,730,4,231
3,731,2,230
3,732,4,230
3,733,3,230
3,734,5,229
3,735,4,229
3,736,6,228
3,737,4,228
3,738,2,229
3,739,4,228
3,740,3,228
3,741,2,228
3,742,1,228
3,743,3,229
3,744,3,228
3,745,2,228
3,746,2,228
3,747,2,229
3,748,2,228
3,749,3,228
3,750,3,231
3,751,2,231
3,752,2,231
3,753,2,230
3,754,2,230
3,755,2,230
3,756,2,230
3,757,4,230
3,758,2,229
3,759,2,229
3,760,4,228
3,761,2,227
3,762,3,228
3,763,2,228
3,764,2,228
3,765,3,228
3,766,2,228
3,767,2,226
3,768,3,227
3,769,2,226
3,770,3,225
3,771,2,226
3,772,4,225
3,773,3,224
3,774,2,225
3,775,3,225
3,776,4,225
3,777,3,226
3,778,4,226
3,779,2,226
3,780,2,226
3,781,2,226
3,782,2,226
3,783,3,226
3,784,2,226
3,785,2,226
3,786,3,226
3,787,2,226
3,788,3,226
3,789,2,226
3,790,2,226
3,791,4,226
3,792,2,227
3,793,3,227
3,794,3,227
3,795,6,227
3,796,1,227
3,797,5,227
3,798,6,228
3,799,3,228
3,800,3,228
3,801,6,228
3,802,3,229
3,803,4,229
3,804,9,229
3,805,5,229
3,806,5,229
3,807,2,229
3,808,4,229
3,809,2,229
3,810,2,230
3,811,2,230
3,812,3,230
3,813,4,230
3,814,3,230
3,815,3,230
3,816,3,230
3,817,5,230
3,818,3,230
3,819,4,230
3,820,8,230
3,821,5,230
3,822,2,230
3,823,2,232
3,824,4,232
3,825,4,232
3,826,2,232
3,827,3,232
3,828,2,233
3,829,3,233
3,830,2,234
3,831,2,233
3,832,4,233
3,833,2,233
3,834,4,233
3,835,4,233
3,836,2,233
3,837,2,233
3,838,4,234
3,839,3,234
3,840,3,233
3,841,3,233
3,842,2,233
3,843,3,233
3,844,9,233
3,845,3,233
3,846,4,233
3,847,14,233
3,848,9,232
3,849,3,232
3,850,15,232
3,851,8,232
3,852,4,232
3,853,3,231
3,854,3,230
3,855,3,230
3,856,1,230
3,857,5,229
3,858,2,230
3,859,2,230
3,860,3,230
3,861,2,230
3,862,5,230
3,863,2,230
3,864,3,230
3,865,6,230
3,866,4,229
3,867,10,229
3,868,5,230
3,869,3,230
3,870,3,230
3,871,5,230
3,872,6,230
3,873,2,229
3,874,3,229
3,875,2,227
3,876,2,227
3,877,1,227
3,878,2,226
3,879,2,225
3,880,3,225
3,881,2,225
3,882,5,225
3,883,2,224
3,884,3,223
3,885,3,224
3,886,3,224
3,887,13,224
3,888,3,224
3,889,3,224
3,890,4,223
3,891,4,223
3,892,4,223
3,893,2,224
3,894,2,224
3,895,3,224
3,896,2,224
3,897,3,224
3,898,2,224
3,899,7,224
3,900,10,224
3,901,14,224
3,902,5,224
3,903,3,224
3,904,2,224
3,905,7,224
3,906,9,224
3,907,8,224
3,908,5,224
3,909,2,224
3,910,2,224
3,911,3,224
3,912,3,224
3,913,5,224
3,914,5,225
3,915,4,225
3,916,3,224
3,917,3,224
3,918,3,224
3,919,2,224
3,920,3,225
3,921,3,225
3,922,2,225
3,923,2,225
3,924,5,225
3,925,2,225
3,926,4,226
3,927,2,226
3,928,2,225
3,929,3,225
3,930,4,226
3,931,2,226
3,932,4,226
3,933,3,227
3,934,2,227
3,935,3,227
3,936,4,227
3,937,2,227
3,938,2,227
3,939,3,227
3,940,4,227
3,941,2,228
3,942,4,228
3,943,2,228
3,944,5,227
3,945,3,227
3,946,4,227
3,947,3,227
3,948,3,227
3,949,4,226
3,950,5,226
3,951,2,226
3,952,2,227
3,953,5,228
3,954,11,228
3,955,9,228
3,956,7,228
3,957,6,228
3,958,3,228
3,959,3,227
3,960,2,227
3,961,2,227
3,962,1,227
3,963,2,227
3,964,2,227
3,965,2,227
3,966,2,227
3,967,3,228
3,968,2,228
3,969,4,228
3,970,3,228
3,971,3,226
3,972,3,226
3,973,2,225
3,974,4,225
3,975,4,226
3,976,3,226
3,977,3,227
3,978,6,227
3,979,4,227
3,980,11,226
3,981,8,226
3,982,8,226
3,983,13,225
3,984,7,224
3,985,3,224
3,986,3,223
3,987,3,221
3,988,3,221
3,989,2,221
3,990,3,221
3,991,3,221
3,992,2,221
3,993,4,221
3,994,2,222
3,995,3,222
3,996,2,221
3,997,6,221
3,998,16,221
3,999,12,221
3,1000,8,220
3,1001,3,221
3,1002,8,222
3,1003,5,223
3,1004,6,224
3,1005,3,224
3,1006,3,224
3,1007,3,224
3,1008,2,224
3,1009,2,224
3,1010,3,224
3,1011,4,224
3,1012,3,224
3,1013,3,224
3,1014,3,223
3,1015,3,223
3,1016,2,223
3,1017,3,223
3,1018,3,223
3,1019,7,225
3,1020,5,225
3,1021,3,226
3,1022,3,228
3,1023,3,228
3,1024,2,229
3,1025,3,230
3,1026,6,229
3,1027,7,228
3,1028,3,229
3,1029,2,230
3,1030,3,230
3,1031,4,230
3,1032,2,230
3,1033,5,230
3,1034,3,230
3,1035,2,230
3,1036,4,230
3,1037,2,231
3,1038,3,231
3,1039,3,231
3,1040,4,230
3,1041,2,230
3,1042,4,232
3,1043,5,232
3,1044,4,233
3,1045,6,233
3,1046,4,233
3,1047,2,234
3,1048,5,235
3,1049,10,234
3,1050,9,234
3,1051,13,232
3,1052,8,232
3,1053,15,232
3,1054,14,233
3,1055,8,233
3,1056,4,234
3,1057,3,234
3,1058,3,234
3,1059,3,235
3,1060,2,235
3,1061,4,234
3,1062,2,233
3,1063,4,233
3,1064,14,233
3,1065,9,233
3,1066,17,233
3,1067,8,233
3,1068,6,233
3,1069,7,233
3,1070,6,233
3,1071,3,232
3,1072,3,232
3,1073,3,232
3,1074,6,231
3,1075,4,231
3,1076,2,231
3,1077,4,231
3,1078,2,230
3,1079,3,230
3,1080,3,230
3,1081,2,230
3,1082,4,229
3,1083,2,229
3,1084,3,229
3,1085,4,229
3,1086,3,229
3,1087,3,229
3,1088,12,229
3,1089,5,228
3,1090,4,228
3,1091,10,228
3,1092,7,228
3,1093,7,228
3,1094,11,228
3,1095,4,228
3,1096,2,227
3,1097,3,227
3,1098,4,227
3,1099,3,228
3,1100,3,228
3,1101,2,228
3,1102,3,228
3,1103,3,227
3,1104,3,227
3,1105,3,227
3,1106,3,227
3,1107,2,227
3,1108,3,227
3,1109,5,227
3,1110,6,227
3,1111,13,227
3,1112,5,227
3,1113,4,227
3,1114,4,227
3,1115,4,227
3,1116,4,227
3,1117,6,228
3,1118,3,228
3,1119,7,228
3,1120,3,228
3,1121,2,227
3,1122,4,228
3,1123,5,229
3,1124,3,229
3,1125,10,230
3,1126,17,230
3,1127,16,230
3,1128,6,230
3,1129,2,229
3,1130,3,229
3,1131,3,229
3,1132,4,229
3,1133,2,229
3,1134,3,229
3,1135,15,229
3,1136,9,229
3,1137,6,229
3,1138,4,229
3,1139,5,229
3,1140,3,229
3,1141,4,229
3,1142,5,229
3,1143,3,229
3,1144,2,229
3,1145,5,229
3,1146,3,229
3,1147,12,228
3,1148,5,228
3,1149,2,228
3,1150,3,228
3,1151,4,228
3,1152,3,229
3,1153,4,229
3,1154,3,229
3,1155,2,229
3,1156,4,229
3,1157,3,229
3,1158,4,229
3,1159,4,228
3,1160,3,227
3,1161,5,227
3,1162,4,227
3,1163,2,228
3,1164,2,229
3,1165,2,230
3,1166,3,230
3,1167,3,232
3,1168,3,232
3,1169,7,232
3,1170,2,232
3,1171,2,232
3,1172,5,232
3,1173,3,232
3,1174,4,231
3,1175,3,231
3,1176,5,231
3,1177,2,232
3,1178,3,230
3,1179,2,229
3,1180,2,229
3,1181,4,229
3,1182,3,229
3,1183,3,228
3,1184,4,227
3,1185,2,228
3,1186,5,228
3,1187,4,228
3,1188,3,228
3,1189,4,228
3,1190,4,228
3,1191,13,228
3,1192,10,228
3,1193,5,228
3,1194,7,228
3,1195,7,228
3,1196,4,227
3,1197,3,227
3,1198,6,227
3,1199,3,227
3,1200,4,227
3,1201,2,227
3,1202,4,227
3,1203,3,227
3,1204,2,227
3,1205,4,227
3,1206,2,227
3,1207,4,227
3,1208,3,227
3,1209,3,226
3,1210,2,224
3,1211,2,224
3,1212,2,225
3,1213,2,223
3,1214,2,224
3,1215,3,224
3,1216,2,224
3,1217,4,224
3,1218,6,223
3,1219,10,223
3,1220,3,223
3,1221,4,223
3,1222,2,223
3,1223,3,223
3,1224,7,224
3,1225,11,224
3,1226,7,224
3,1227,8,224
3,1228,4,224
3,1229,2,224
3,1230,2,224
3,1231,3,224
3,1232,3,224
3,1233,2,224
3,1234,5,224
3,1235,3,224
3,1236,4,224
3,1237,3,224
3,1238,3,224
3,1239,2,224
3,1240,3,224
3,1241,5,224
3,1242,4,224
3,1243,2,224
3,1244,2,224
3,1245,3,224
3,1246,3,225
3,1247,3,225
3,1248,2,225
3,1249,5,226
3,1250,4,226
3,1251,5,226
3,1252,7,226
3,1253,4,227
3,1254,3,228
3,1255,2,228
3,1256,2,228
3,1257,2,228
3,1258,2,228
3,1259,3,228
3,1260,3,226
3,1261,4,225
3,1262,6,224
3,1263,14,222
3,1264,11,222
3,1265,14,221
3,1266,10,221
3,1267,7,221
3,1268,4,221
3,1269,8,220
3,1270,10,218
3,1271,6,217
3,1272,4,217
3,1273,2,218
3,1274,3,218
3,1275,5,218
3,1276,3,218
3,1277,2,218
3,1278,2,217
3,1279,3,217
3,1280,2,218
3,1281,4,216
3,1282,3,215
3,1283,2,215
3,1284,8,215
3,1285,3,215
3,1286,3,216
3,1287,4,218
3,1288,3,218
3,1289,3,218
3,1290,3,218
3,1291,2,220
3,1292,2,220
3,1293,4,220
3,1294,4,221
3,1295,4,222
3,1296,3,221
3,1297,3,221
3,1298,3,221
3,1299,4,222
3,1300,3,222
3,1301,3,222
3,1302,5,222
3,1303,6,223
3,1304,5,226
3,1305,4,226
3,1306,4,226
3,1307,3,226
3,1308,2,226
3,1309,3,225
3,1310,4,226
3,1311,3,226
3,1312,2,226
3,1313,4,226
3,1314,3,226
3,1315,6,226
3,1316,7,226
3,1317,5,226
3,1318,3,226
3,1319,3,226
3,1320,3,226
3,1321,2,226
3,1322,2,225
3,1323,3,225
3,1324,4,224
3,1325,6,224
3,1326,6,224
3,1327,3,224
3,1328,3,224
3,1329,6,223
3,1330,10,223
3,1331,8,224
3,1332,5,226
3,1333,3,227
3,1334,4,227
3,1335,6,228
3,1336,4,229
3,1337,3,229
3,1338,3,230
3,1339,4,231
3,1340,3,231
3,1341,3,231
3,1342,3,229
3,1343,3,228
3,1344,3,228
3,1345,4,228
3,1346,5,228
3,1347,5,229
3,1348,9,230
3,1349,9,231
3,1350,4,231
3,1351,6,231
3,1352,4,231
3,1353,3,232
3,1354,5,233
3,1355,7,233
3,1356,11,233
3,1357,17,231
3,1358,11,231
3,1359,6,231
3,1360,5,232
3,1361,7,231
3,1362,3,229
3,1363,5,229
3,1364,7,228
3,1365,4,228
3,1366,3,228
3,1367,3,228
3,1368,2,228
3,1369,4,228
3,1370,4,229
3,1371,4,230
3,1372,2,230
3,1373,2,230
3,1374,3,229
3,1375,5,227
3,1376,4,227
3,1377,2,227
3,1378,3,227
3,1379,3,227
3,1380,5,227
3,1381,2,227
3,1382,3,227
3,1383,4,226
3,1384,3,225
3,1385,7,225
3,1386,7,225
3,1387,9,224
3,1388,9,224
3,1389,12,225
3,1390,11,225
3,1391,6,225
3,1392,10,225
3,1393,4,225
3,1394,4,225
3,1395,4,225
3,1396,2,225
3,1397,8,225
3,1398,5,225
3,1399,4,225
3,1400,3,225
3,1401,4,225
3,1402,6,224
3,1403,4,224
3,1404,3,225
3,1405,5,224
3,1406,3,224
3,1407,3,224
3,1408,3,224
3,1409,6,225
3,1410,4,225
3,1411,4,225
3,1412,4,224
3,1413,5,225
3,1414,4,225
3,1415,4,226
3,1416,4,226
3,1417,3,226
3,1418,8,225
3,1419,3,224
3,1420,5,224
3,1421,4,223
3,1422,7,223
3,1423,5,224
3,1424,5,225
3,1425,15,224
3,1426,11,224
3,1427,15,225
3,1428,12,225
3,1429,8,225
3,1430,9,226
3,1431,11,226
3,1432,7,224
3,1433,10,222
3,1434,9,221
3,1435,3,221
3,1436,4,221
3,1437,2,221
3,1438,3,221
3,1439,3,221
3,1440,2,221
3,1441,4,221
3,1442,3,220
3,1443,2,220
3,1444,4,219
3,1445,4,218
3,1446,2,217
3,1447,2,218
3,1448,2,219
3,1449,3,220
3,1450,2,220
3,1451,2,219
3,1452,3,217
3,1453,2,217
3,1454,2,217
3,1455,3,217
3,1456,2,217
3,1457,2,217
3,1458,3,217
3,1459,2,218
3,1460,5,218
3,1461,2,219
3,1462,6,219
3,1463,2,220
3,1464,2,219
3,1465,3,220
3,1466,2,220
3,1467,3,220
3,1468,3,220
3,1469,3,219
3,1470,1,219
3,1471,2,221
3,1472,2,221
3,1473,2,221
3,1474,2,221
3,1475,3,221
3,1476,4,221
3,1477,3,221
3,1478,4,221
3,1479,3,220
3,1480,3,220
3,1481,4,219
3,1482,3,218
3,1483,2,218
3,1484,5,218
3,1485,3,219
3,1486,3,219
3,1487,2,220
3,1488,2,220
3,1489,4,220
3,1490,3,220
3,1491,1,220
3,1492,3,221
3,1493,2,221
3,1494,3,221
3,1495,3,221
3,1496,3,221
3,1497,4,221
3,1498,3,221
3,1499,3,221
3,1500,3,221
3,1501,10,221
3,1502,5,222
3,1503,4,221
3,1504,2,221
3,1505,3,221
3,1506,2,220
3,1507,5,221
3,1508,14,221
3,1509,12,222
3,1510,8,223
3,1511,4,223
3,1512,3,222
3,1513,2,222
3,1514,4,222
3,1515,7,222
3,1516,14,222
3,1517,7,221
3,1518,3,220
3,1519,3,220
3,1520,2,220
3,1521,4,220
3,1522,3,220
3,1523,2,220
3,1524,2,220
3,1525,5,220
3,1526,3,220
3,1527,2,219
3,1528,4,219
3,1529,3,218
3,1530,2,218
3,1531,3,218
3,1532,5,218
3,1533,3,218
3,1534,9,218
3,1535,5,218
3,1536,8,217
3,1537,4,217
3,1538,14,217
3,1539,10,216
3,1540,12,216
3,1541,9,217
3,1542,7,217
3,1543,8,217
3,1544,8,217
3,1545,10,217
3,1546,5,217
3,1547,8,217
3,1548,5,217
3,1549,4,217
3,1550,4,217
3,1551,2,217
3,1552,4,217
3,1553,3,217
3,1554,3,217
3,1555,4,218
3,1556,4,218
3,1557,3,218
3,1558,2,218
3,1559,2,218
3,1560,2,218
3,1561,2,218
3,1562,4,218
3,1563,3,219
3,1564,3,220
3,1565,2,220
3,1566,3,220
3,1567,2,220
3,1568,2,220
3,1569,3,220
3,1570,3,220
3,1571,2,220
3,1572,3,220
3,1573,4,220
3,1574,5,220
3,1575,2,220
3,1576,3,220
3,1577,3,221
3,1578,2,220
3,1579,4,220
3,1580,2,219
3,1581,3,218
3,1582,5,218
3,1583,5,218
3,1584,8,218
3,1585,11,218
3,1586,7,218
3,1587,8,218
3,1588,12,217
3,1589,4,218
3,1590,3,218
3,1591,3,218
3,1592,2,219
3,1593,2,219
3,1594,3,220
3,1595,2,222
3,1596,4,223
3,1597,4,223
3,1598,3,224
3,1599,4,224
3,1600,3,224
3,1601,2,224
3,1602,5,225
3,1603,4,225
3,1604,3,224
3,1605,5,224
3,1606,2,224
3,1607,4,223
3,1608,3,223
3,1609,4,224
3,1610,7,224
3,1611,6,225
3,1612,6,226
3,1613,2,227
3,1614,3,226
3,1615,3,225
3,1616,5,225
3,1617,2,225
3,1618,5,226
3,1619,10,226
3,1620,6,226
3,1621,7,226
3,1622,8,225
3,1623,3,225
3,1624,2,224
3,1625,4,224
3,1626,16,224
3,1627,5,223
3,1628,4,224
3,1629,4,224
3,1630,3,223
3,1631,3,222
3,1632,3,222
3,1633,4,222
3,1634,2,222
3,1635,2,222
3,1636,3,223
3,1637,2,223
3,1638,7,224
3,1639,4,224
3,1640,3,224
3,1641,2,224
3,1642,2,224
3,1643,2,224
3,1644,4,225
3,1645,4,226
3,1646,4,227
3,1647,7,228
3,1648,10,228
3,1649,17,229
3,1650,17,230
3,1651,10,230
3,1652,10,228
3,1653,4,228
3,1654,8,228
3,1655,3,230
3,1656,3,231
3,1657,4,231
3,1658,2,232
3,1659,3,231
3,1660,2,232
3,1661,6,232
3,1662,4,232
3,1663,2,232
3,1664,4,232
3,1665,5,232
3,1666,12,231
3,1667,7,232
3,1668,2,233
3,1669,4,234
3,1670,3,234
3,1671,6,235
3,1672,4,235
3,1673,5,234
3,1674,7,233
3,1675,4,231
3,1676,3,230
3,1677,4,230
3,1678,4,229
3,1679,3,229
3,1680,3,228
3,1681,4,227
3,1682,3,227
3,1683,2,227
3,1684,5,227
3,1685,4,227
3,1686,3,227
3,1687,3,228
3,1688,3,228
3,1689,4,228
3,1690,5,228
3,1691,2,229
3,1692,3,228
3,1693,4,228
3,1694,13,228
3,1695,11,229
3,1696,13,231
3,1697,12,231
3,1698,2,230
3,1699,5,230
3,1700,3,231
3,1701,11,232
3,1702,8,231
3,1703,3,231
3,1704,10,231
3,1705,4,231
3,1706,3,231
3,1707,4,230
3,1708,5,230
3,1709,3,230
3,1710,3,230
3,1711,3,230
3,1712,4,229
3,1713,8,229
3,1714,4,228
3,1715,2,228
3,1716,10,227
3,1717,4,228
3,1718,3,228
3,1719,3,227
3,1720,5,226
3,1721,3,226
3,1722,10,226
3,1723,11,227
3,1724,8,227
3,1725,7,227
3,1726,6,227
3,1727,3,227
3,1728,3,227
3,1729,3,226
3,1730,2,226
3,1731,2,226
3,1732,3,226
3,1733,2,226
3,1734,2,226
3,1735,2,226
3,1736,4,226
3,1737,2,227
3,1738,2,227
3,1739,2,226
3,1740,4,226
3,1741,3,227
3,1742,3,227
3,1743,2,227
3,1744,2,227
3,1745,2,227
3,1746,3,226
3,1747,3,226
3,1748,5,226
3,1749,4,226
3,1750,4,225
3,1751,5,225
3,1752,4,225
3,1753,2,225
3,1754,5,225
3,1755,11,224
3,1756,12,224
3,1757,5,224
3,1758,6,224
3,1759,15,224
3,1760,8,224
3,1761,8,223
3,1762,11,223
3,1763,8,224
3,1764,4,225
3,1765,4,225
3,1766,4,225
3,1767,2,225
3,1768,4,225
3,1769,2,224
3,1770,3,223
3,1771,2,223
3,1772,3,223
3,1773,2,222
3,1774,3,223
3,1775,6,224
3,1776,9,224
3,1777,12,224
3,1778,9,224
3,1779,11,225
3,1780,5,225
3,1781,10,224
3,1782,11,224
3,1783,8,223
3,1784,10,223
3,1785,8,223
3,1786,5,223
3,1787,3,223
3,1788,5,223
3,1789,4,223
3,1790,4,223
3,1791,2,223
3,1792,3,222
3,1793,2,222
3,1794,2,222
3,1795,3,220
3,1796,4,220
3,1797,3,220
3,1798,2,220
3,1799,2,220
3,1800,2,219
3,1801,3,220
3,1802,2,220
3,1803,3,220
3,1804,4,220
3,1805,4,219
3,1806,4,219
3,1807,6,219
3,1808,6,218
3,1809,7,218
3,1810,9,217
3,1811,13,217
3,1812,16,217
3,1813,14,217
3,1814,8,217
3,1815,8,217
3,1816,9,217
3,1817,8,217
3,1818,15,217
3,1819,12,217
3,1820,6,219
3,1821,5,220
3,1822,7,220
3,1823,11,220
3,1824,2,220
3,1825,5,220
3,1826,3,220
3,1827,8,220
3,1828,14,220
3,1829,10,220
3,1830,3,218
3,1831,2,217
3,1832,11,217
3,1833,15,217
3,1834,12,217
3,1835,6,217
3,1836,7,217
3,1837,7,217
3,1838,6,217
3,1839,4,217
3,1840,4,217
3,1841,3,218
3,1842,6,218
3,1843,2,219
3,1844,3,219
3,1845,3,219
3,1846,2,219
3,1847,3,219
3,1848,4,219
3,1849,3,218
3,1850,2,218
3,1851,3,218
3,1852,3,218
3,1853,3,217
3,1854,2,217
3,1855,4,217
3,1856,2,217
3,1857,5,218
3,1858,2,218
3,1859,2,219
3,1860,4,218
3,1861,8,218
3,1862,8,218
3,1863,3,218
3,1864,3,218
3,1865,3,218
3,1866,2,219
3,1867,3,218
3,1868,2,218
3,1869,2,218
3,1870,4,218
3,1871,6,218
3,1872,2,218
3,1873,3,218
3,1874,2,218
3,1875,2,218
3,1876,2,218
3,1877,2,218
3,1878,3,218
3,1879,2,217
3,1880,2,216
3,1881,2,216
3,1882,4,216
3,1883,14,215
3,1884,8,215
3,1885,4,215
3,1886,2,215
3,1887,4,215
3,1888,3,215
3,1889,3,215
3,1890,2,215
3,1891,3,214
3,1892,2,214
3,1893,3,214
3,1894,2,214
3,1895,7,214
3,1896,4,213
3,1897,10,213
3,1898,6,213
3,1899,7,213
3,1900,13,213
3,1901,8,213
3,1902,3,213
3,1903,2,213
3,1904,4,213
3,1905,4,213
3,1906,3,213
3,1907,2,213
3,1908,2,213
3,1909,2,213
3,1910,2,212
3,1911,4,212
3,1912,3,212
3,1913,3,213
3,1914,3,213
3,1915,5,214
3,1916,3,214
3,1917,3,214
3,1918,2,214
3,1919,2,213
3,1920,2,212
3,1921,2,211
3,1922,3,211
3,1923,3,212
3,1924,3,211
3,1925,4,211
3,1926,4,211
3,1927,3,211
3,1928,6,211
3,1929,6,211
3,1930,5,211
3,1931,6,210
3,1932,8,210
3,1933,13,209
3,1934,5,208
3,1935,4,208
3,1936,3,207
3,1937,3,207
3,1938,2,206
3,1939,2,206
3,1940,4,206
3,1941,2,206
3,1942,3,206
3,1943,3,206
3,1944,3,206
3,1945,5,206
3,1946,2,206
3,1947,4,206
3,1948,3,206
3,1949,3,206
3,1950,3,206
3,1951,2,206
3,1952,3,206
3,1953,4,206
3,1954,8,206
3,1955,6,206
3,1956,3,207
3,1957,2,207
3,1958,5,207
3,1959,3,208
3,1960,8,208
3,1961,11,208
3,1962,10,208
3,1963,10,208
3,1964,10,209
3,1965,7,209
3,1966,9,209
3,1967,12,209
3,1968,12,209
3,1969,9,209
3,1970,7,208
3,1971,7,208
3,1972,6,208
3,1973,2,208
3,1974,2,208
3,1975,3,207
3,1976,3,207
3,1977,3,208
3,1978,3,208
3,1979,2,210
3,1980,3,210
3,1981,2,210
3,1982,1,210
3,1983,4,211
3,1984,3,211
3,1985,3,212
3,1986,4,212
3,1987,3,212
3,1988,2,213
3,1989,5,213
3,1990,3,213
3,1991,4,213
3,1992,9,214
3,1993,6,214
3,1994,4,214
3,1995,2,214
3,1996,3,214
3,1997,3,214
3,1998,5,215
3,1999,10,215
3,2000,14,215
3,2001,11,215
3,2002,9,215
3,2003,4,215
3,2004,4,215
3,2005,4,215
3,2006,3,214
3,2007,2,214
3,2008,5,215
3,2009,2,215
3,2010,6,215
3,2011,3,216
3,2012,3,216
3,2013,3,218
3,2014,4,218
3,2015,3,217
3,2016,3,217
3,2017,2,217
3,2018,3,217
3,2019,3,217
3,2020,2,217
3,2021,2,217
3,2022,4,217
3,2023,2,217
3,2024,2,216
3,2025,4,216
3,2026,3,215
3,2027,10,215
3,2028,10,214
3,2029,11,214
3,2030,4,213
3,2031,2,213
3,2032,3,213
3,2033,2,214
3,2034,2,214
3,2035,2,214
3,2036,2,213
3,2037,2,213
3,2038,2,213
3,2039,2,213
3,2040,3,213
3,2041,2,213
3,2042,4,213
3,2043,5,212
3,2044,4,211
3,2045,2,211
3,2046,1,211
3,2047,3,211
3,2048,1,210
3,2049,2,209
3,2050,4,209
3,2051,3,210
3,2052,2,209
3,2053,2,209
3,2054,7,209
3,2055,11,208
3,2056,5,208
3,2057,4,208
3,2058,3,208
3,2059,2,209
3,2060,3,209
3,2061,3,209
3,2062,3,208
3,2063,3,209
3,2064,3,209
3,2065,3,210
3,2066,3,211
3,2067,3,211
3,2068,3,211
3,2069,14,211
3,2070,9,211
3,2071,4,211
3,2072,5,211
3,2073,2,211
3,2074,2,211
3,2075,2,211
3,2076,5,211
3,2077,5,211
3,2078,6,212
3,2079,8,213
3,2080,10,213
3,2081,7,213
3,2082,4,213
3,2083,3,213
3,2084,4,213
3,2085,2,213
3,2086,4,213
3,2087,3,213
3,2088,3,213
3,2089,3,213
3,2090,2,213
3,2091,3,213
3,2092,3,213
3,2093,3,213
3,2094,2,213
3,2095,3,213
3,2096,2,214
3,2097,4,214
3,2098,2,214
3,2099,3,214
3,2100,2,215
3,2101,3,215
3,2102,5,216
3,2103,4,216
3,2104,3,216
3,2105,9,216
3,2106,6,216
3,2107,8,216
3,2108,3,217
3,2109,3,217
3,2110,15,217
3,2111,9,216
3,2112,4,217
3,2113,3,218
3,2114,2,217
3,2115,5,217
3,2116,2,217
3,2117,4,217
3,2118,2,216
3,2119,3,216
3,2120,2,215
3,2121,2,215
3,2122,4,215
3,2123,3,215
3,2124,4,215
3,2125,3,215
3,2126,5,215
3,2127,5,215
3,2128,3,216
3,2129,3,216
3,2130,3,216
3,2131,3,215
3,2132,6,215
3,2133,4,215
3,2134,7,215
3,2135,8,215
3,2136,8,215
3,2137,9,215
3,2138,4,215
3,2139,4,214
3,2140,2,213
3,2141,3,212
3,2142,4,210
3,2143,4,210
3,2144,3,210
3,2145,3,210
3,2146,6,210
3,2147,5,210
3,2148,13,210
3,2149,7,210
3,2150,10,210
3,2151,9,210
3,2152,3,211
3,2153,3,211
3,2154,3,210
3,2155,3,210
3,2156,3,210
3,2157,2,209
3,2158,3,210
3,2159,3,210
3,2160,3,210
3,2161,2,210
3,2162,2,210
3,2163,2,210
3,2164,2,210
3,2165,2,210
3,2166,2,210
3,2167,4,210
3,2168,5,209
3,2169,2,207
3,2170,3,208
3,2171,8,207
3,2172,12,207
3,2173,14,207
3,2174,11,208
3,2175,6,207
3,2176,4,207
3,2177,3,207
3,2178,10,205
3,2179,4,204
3,2180,9,203
3,2181,5,202
3,2182,12,202
3,2183,4,202
3,2184,2,202
3,2185,2,200
3,2186,3,200
3,2187,2,200
3,2188,5,200
3,2189,7,200
3,2190,4,200
3,2191,10,200
3,2192,12,200
3,2193,7,200
3,2194,5,200
3,2195,6,200
3,2196,8,200
3,2197,2,200
3,2198,2,200
3,2199,3,200
3,2200,5,200
3,2201,2,200
3,2202,4,201
3,2203,3,202
3,2204,2,202
3,2205,1,203
3,2206,4,203
3,2207,3,201
3,2208,3,201
3,2209,2,203
3,2210,2,203
3,2211,2,203
3,2212,6,203
3,2213,3,203
3,2214,4,204
3,2215,2,204
3,2216,2,205
3,2217,2,205
3,2218,3,205
3,2219,3,205
3,2220,3,204
3,2221,2,205
3,2222,2,203
3,2223,8,203
3,2224,9,204
3,2225,4,205
3,2226,3,205
3,2227,3,205
3,2228,3,205
3,2229,2,205
3,2230,2,204
3,2231,2,204
3,2232,3,204
3,2233,3,206
3,2234,3,206
3,2235,3,206
3,2236,3,206
3,2237,13,206
3,2238,11,206
3,2239,5,206
3,2240,5,207
3,2241,5,207
3,2242,5,208
3,2243,3,208
3,2244,2,208
3,2245,3,208
3,2246,2,208
3,2247,4,209
3,2248,3,209
3,2249,3,209
3,2250,2,209
3,2251,3,210
3,2252,5,210
3,2253,4,210
3,2254,2,210
3,2255,2,209
3,2256,2,208
3,2257,3,209
3,2258,2,209
3,2259,2,209
3,2260,4,209
3,2261,4,209
3,2262,3,209
3,2263,2,209
3,2264,3,210
3,2265,3,210
3,2266,4,210
3,2267,3,210
3,2268,14,211
3,2269,6,211
3,2270,8,212
3,2271,3,212
3,2272,4,213
3,2273,4,213
3,2274,3,213
3,2275,2,213
3,2276,2,213
3,2277,3,213
3,2278,4,213
3,2279,9,213
3,2280,3,213
3,2281,3,214
3,2282,2,214
3,2283,2,214
3,2284,2,214
3,2285,2,213
3,2286,2,213
3,2287,2,213
3,2288,3,215
3,2289,4,215
3,2290,3,215
3,2291,2,215
3,2292,2,215
3,2293,4,215
3,2294,6,215
3,2295,3,215
3,2296,3,216
3,2297,4,216
3,2298,3,216
3,2299,2,216
3,2300,2,216
3,2301,2,216
3,2302,4,216
3,2303,4,216
3,2304,2,216
3,2305,2,216
3,2306,4,216
3,2307,3,216
3,2308,6,216
3,2309,9,215
3,2310,12,215
3,2311,8,215
3,2312,7,215
3,2313,14,215
3,2314,7,215
3,2315,3,215
3,2316,2,215
3,2317,3,215
3,2318,3,215
3,2319,7,215
3,2320,6,215
3,2321,2,215
3,2322,4,215
3,2323,8,215
3,2324,3,215
3,2325,3,215
3,2326,4,215
3,2327,3,215
3,2328,2,215
3,2329,4,215
3,2330,4,215
3,2331,2,215
3,2332,3,215
3,2333,4,215
3,2334,3,215
3,2335,2,215
3,2336,2,215
3,2337,2,215
3,2338,4,215
3,2339,2,215
3,2340,3,216
3,2341,3,217
3,2342,3,217
3,2343,2,217
3,2344,3,217
3,2345,3,217
3,2346,2,217
3,2347,2,217
3,2348,4,216
3,2349,2,215
3,2350,3,215
3,2351,3,215
3,2352,3,215
3,2353,2,215
3,2354,5,215
3,2355,2,216
3,2356,2,216
3,2357,2,215
3,2358,3,215
3,2359,2,215
3,2360,2,215
3,2361,2,214
3,2362,2,213
3,2363,2,212
3,2364,5,212
3,2365,13,212
3,2366,8,211
3,2367,3,211
3,2368,2,211
3,2369,3,211
3,2370,3,211
3,2371,3,210
3,2372,3,210
3,2373,2,208
3,2374,2,208
3,2375,2,207
3,2376,5,207
3,2377,2,207
3,2378,3,207
3,2379,2,206
3,2380,3,207
3,2381,2,207
3,2382,4,207
3,2383,7,207
3,2384,5,207
3,2385,2,207
3,2386,3,207
3,2387,3,207
3,2388,3,207
3,2389,2,207
3,2390,3,207
3,2391,3,206
3,2392,3,206
3,2393,3,206
3,2394,3,205
3,2395,2,205
3,2396,2,205
3,2397,2,205
3,2398,2,205
3,2399,3,205
3,2400,3,205
3,2401,3,205
3,2402,2,205
3,2403,3,206
3,2404,2,206
3,2405,4,207
3,2406,3,207
3,2407,4,207
3,2408,2,207
3,2409,4,206
3,2410,4,206
3,2411,3,206
3,2412,2,206
3,2413,3,207
3,2414,4,207
3,2415,3,207
3,2416,3,208
3,2417,2,209
3,2418,4,209
3,2419,4,209
3,2420,3,209
3,2421,3,209
3,2422,2,209
3,2423,2,209
3,2424,2,209
3,2425,2,210
3,2426,2,210
3,2427,2,210
3,2428,7,210
3,2429,6,210
3,2430,3,210
3,2431,2,211
3,2432,3,211
3,2433,3,212
3,2434,2,213
3,2435,4,213
3,2436,2,212
3,2437,2,212
3,2438,3,212
3,2439,2,212
3,2440,3,212
3,2441,2,212
3,2442,3,212
3,2443,3,212
3,2444,3,212
3,2445,2,212
3,2446,5,212
3,2447,2,213
3,2448,2,213
3,2449,4,213
3,2450,4,213
3,2451,2,214
3,2452,2,214
3,2453,3,214
3,2454,4,214
3,2455,4,214
3,2456,3,214
3,2457,2,216
3,2458,3,216
3,2459,4,217
3,2460,3,216
3,2461,3,216
3,2462,3,216
3,2463,3,217
3,2464,4,217
3,2465,4,219
3,2466,3,219
3,2467,6,219
3,2468,3,219
3,2469,2,219
3,2470,6,219
3,2471,2,219
3,2472,2,219
3,2473,2,219
3,2474,3,219
3,2475,2,220
3,2476,3,220
3,2477,3,219
3,2478,3,219
3,2479,2,218
3,2480,2,218
3,2481,3,217
3,2482,2,218
3,2483,3,218
3,2484,3,219
3,2485,3,219
3,2486,3,219
3,2487,3,220
3,2488,4,220
3,2489,3,220
3,2490,2,220
3,2491,6,219
3,2492,3,219
3,2493,2,218
3,2494,3,217
3,2495,3,216
3,2496,3,216
3,2497,2,216
3,2498,3,217
3,2499,2,216
3,2500,3,216
3,2501,2,212
3,2502,3,213
3,2503,2,213
3,2504,3,213
3,2505,2,214
3,2506,2,214
3,2507,2,213
3,2508,2,213
3,2509,3,215
3,2510,2,214
3,2511,2,214
3,2512,2,213
3,2513,3,213
3,2514,2,213
3,2515,2,213
3,2516,4,214
3,2517,3,214
3,2518,2,214
3,2519,3,214
3,2520,4,214
3,2521,4,214
3,2522,3,214
3,2523,3,214
3,2524,2,214
3,2525,3,213
3,2526,3,213
3,2527,4,214
3,2528,2,214
3,2529,4,214
3,2530,4,214
3,2531,6,213
3,2532,3,212
3,2533,3,212
3,2534,5,211
3,2535,4,211
3,2536,4,211
3,2537,4,211
3,2538,2,212
3,2539,4,212
3,2540,4,211
3,2541,3,210
3,2542,4,210
3,2543,2,210
3,2544,3,210
3,2545,5,210
3,2546,3,210
3,2547,3,210
3,2548,8,210
3,2549,4,210
3,2550,10,210
3,2551,13,210
3,2552,8,210
3,2553,15,211
3,2554,6,211
3,2555,4,211
3,2556,6,211
3,2557,9,211
3,2558,10,211
3,2559,6,211
3,2560,6,211
3,2561,3,211
3,2562,5,211
3,2563,8,211
3,2564,10,212
3,2565,16,213
3,2566,14,213
3,2567,9,213
3,2568,8,213
3,2569,11,214
3,2570,5,214
3,2571,7,214
3,2572,8,213
3,2573,4,214
3,2574,3,214
3,2575,2,214
3,2576,3,213
3,2577,2,213
3,2578,2,213
3,2579,2,213
3,2580,3,214
3,2581,2,215
3,2582,4,214
3,2583,3,214
3,2584,6,213
3,2585,5,212
3,2586,2,212
3,2587,5,212
3,2588,2,212
3,2589,2,212
3,2590,3,212
3,2591,3,212
3,2592,4,211
3,2593,3,212
3,2594,3,214
3,2595,2,213
3,2596,4,213
3,2597,4,213
3,2598,5,213
3,2599,9,213
3,2600,4,213
3,2601,4,214
3,2602,3,214
3,2603,3,214
3,2604,3,215
3,2605,9,214
3,2606,2,214
3,2607,4,214
3,2608,3,213
3,2609,4,213
3,2610,4,213
3,2611,3,213
3,2612,4,213
3,2613,3,213
3,2614,4,214
3,2615,4,215
3,2616,3,215
3,2617,2,216
3,2618,10,216
3,2619,4,215
3,2620,3,215
3,2621,3,215
3,2622,5,216
3,2623,2,216
3,2624,4,216
3,2625,15,215
3,2626,11,215
3,2627,14,215
3,2628,7,214
3,2629,10,214
3,2630,10,214
3,2631,6,214
3,2632,10,214
3,2633,11,214
3,2634,12,214
3,2635,8,213
3,2636,4,214
3,2637,5,214
3,2638,3,215
3,2639,3,216
3,2640,3,216
3,2641,2,216
3,2642,2,216
3,2643,3,216
3,2644,2,216
3,2645,3,216
3,2646,5,216
3,2647,8,216
3,2648,6,216
3,2649,2,216
3,2650,3,217
3,2651,3,217
3,2652,3,217
3,2653,2,217
3,2654,4,217
3,2655,4,217
3,2656,3,217
3,2657,4,217
3,2658,2,217
3,2659,3,217
3,2660,4,217
3,2661,8,217
3,2662,11,217
3,2663,9,218
3,2664,4,218
3,2665,2,219
3,2666,5,220
3,2667,4,220
3,2668,2,220
3,2669,6,220
3,2670,4,220
3,2671,1,220
3,2672,4,220
3,2673,3,221
3,2674,2,221
3,2675,3,221
3,2676,2,221
3,2677,3,220
3,2678,4,220
3,2679,4,219
3,2680,6,220
3,2681,4,220
3,2682,3,221
3,2683,3,221
3,2684,5,221
3,2685,4,221
3,2686,7,221
3,2687,4,220
3,2688,8,220
3,2689,2,220
3,2690,2,219
3,2691,5,221
3,2692,4,221
3,2693,3,221
3,2694,5,220
3,2695,5,220
3,2696,2,220
3,2697,3,220
3,2698,2,221
3,2699,3,221
3,2700,2,222
3,2701,3,221
3,2702,4,219
3,2703,2,219
3,2704,4,219
3,2705,2,220
3,2706,4,220
3,2707,3,220
3,2708,4,219
3,2709,3,219
3,2710,3,219
3,2711,3,219
3,2712,4,219
3,2713,3,219
3,2714,3,219
3,2715,4,219
3,2716,4,220
3,2717,6,220
3,2718,5,220
3,2719,3,221
3,2720,3,221
3,2721,3,220
3,2722,9,220
3,2723,5,218
3,2724,3,217
3,2725,4,216
3,2726,3,215
3,2727,1,214
3,2728,2,215
3,2729,3,215
3,2730,4,217
3,2731,2,217
3,2732,2,217
3,2733,3,217
3,2734,4,217
3,2735,3,217
3,2736,3,217
3,2737,3,217
3,2738,5,218
3,2739,2,218
3,2740,3,218
3,2741,4,218
3,2742,4,218
3,2743,4,218
3,2744,5,218
3,2745,1,216
3,2746,3,215
3,2747,3,215
3,2748,3,214
3,2749,2,215
3,2750,2,215
3,2751,5,213
3,2752,6,213
3,2753,3,212
3,2754,9,212
3,2755,8,211
3,2756,9,211
3,2757,8,210
3,2758,13,211
3,2759,11,211
3,2760,6,211
3,2761,3,211
3,2762,2,211
3,2763,3,211
3,2764,5,212
3,2765,2,211
3,2766,2,213
3,2767,2,212
3,2768,2,210
3,2769,2,210
3,2770,2,211
3,2771,2,211
3,2772,3,212
3,2773,2,212
3,2774,3,212
3,2775,4,212
3,2776,8,211
3,2777,6,211
3,2778,3,211
3,2779,2,210
3,2780,2,210
3,2781,1,209
3,2782,3,209
3,2783,5,209
3,2784,7,210
3,2785,10,210
3,2786,15,211
3,2787,15,210
3,2788,7,210
3,2789,10,209
3,2790,9,210
3,2791,3,210
3,2792,3,210
3,2793,3,211
3,2794,3,209
3,2795,2,209
3,2796,3,207
3,2797,3,207
3,2798,3,209
3,2799,2,210
3,2800,3,210
3,2801,1,210
3,2802,3,210
3,2803,2,209
3,2804,2,209
3,2805,2,208
3,2806,3,208
3,2807,2,208
3,2808,3,208
3,2809,2,208
3,2810,2,208
3,2811,4,208
3,2812,3,208
3,2813,3,207
3,2814,2,207
3,2815,3,208
3,2816,3,208
3,2817,2,208
3,2818,3,208
3,2819,1,208
3,2820,2,208
3,2821,3,208
3,2822,3,208
3,2823,5,208
3,2824,3,208
3,2825,5,208
3,2826,4,209
3,2827,4,209
3,2828,2,209
3,2829,3,209
3,2830,3,208
3,2831,3,208
3,2832,3,208
3,2833,2,208
3,2834,3,208
3,2835,4,208
3,2836,4,208
3,2837,3,208
3,2838,4,208
3,2839,2,208
3,2840,3,208
3,2841,4,206
3,2842,3,206
3,2843,2,207
3,2844,4,207
3,2845,4,207
3,2846,3,207
3,2847,3,207
3,2848,4,208
3,2849,2,207
3,2850,2,207
3,2851,2,206
3,2852,2,207
3,2853,3,208
3,2854,2,209
3,2855,2,211
3,2856,3,213
3,2857,2,214
3,2858,2,214
3,2859,3,214
3,2860,4,215
3,2861,6,214
3,2862,6,214
3,2863,5,214
3,2864,3,214
3,2865,4,214
3,2866,3,213
3,2867,2,214
3,2868,4,214
3,2869,6,213
3,2870,6,213
3,2871,4,212
3,2872,4,212
3,2873,2,211
3,2874,5,210
3,2875,5,210
3,2876,4,210
3,2877,3,210
3,2878,2,210
3,2879,2,210
3,2880,2,210
3,2881,3,210
3,2882,2,210
3,2883,3,210
3,2884,3,210
3,2885,2,209
3,2886,2,208
3,2887,2,208
3,2888,2,207
3,2889,3,207
3,2890,3,207
3,2891,5,207
3,2892,10,208
3,2893,8,207
3,2894,10,207
3,2895,3,207
3,2896,7,207
3,2897,4,207
3,2898,2,207
3,2899,2,207
3,2900,2,207
3,2901,2,207
3,2902,1,209
3,2903,3,209
3,2904,2,209
3,2905,2,209
3,2906,3,209
3,2907,3,208
3,2908,2,208
3,2909,2,208
3,2910,3,208
3,2911,4,207
3,2912,3,206
3,2913,2,206
3,2914,2,206
3,2915,2,207
3,2916,3,207
3,2917,9,207
3,2918,10,208
3,2919,5,208
3,2920,6,208
3,2921,4,208
3,2922,2,208
3,2923,2,208
3,2924,2,208
3,2925,3,208
3,2926,2,208
3,2927,3,208
3,2928,3,208
3,2929,2,208
3,2930,4,209
3,2931,3,209
3,2932,2,209
3,2933,3,209
3,2934,3,209
3,2935,3,209
3,2936,2,209
3,2937,4,209
3,2938,4,209
3,2939,2,209
3,2940,3,209
3,2941,3,209
3,2942,2,209
3,2943,4,210
3,2944,3,211
3,2945,3,211
3,2946,2,211
3,2947,3,211
3,2948,2,211
3,2949,2,211
3,2950,3,210
3,2951,2,210
3,2952,3,210
3,2953,2,210
3,2954,4,210
3,2955,3,210
3,2956,4,210
3,2957,3,209
3,2958,2,208
3,2959,2,208
3,2960,5,208
3,2961,2,208
3,2962,3,208
3,2963,2,208
3,2964,2,209
3,2965,2,210
3,2966,2,209
3,2967,3,208
3,2968,2,208
3,2969,3,208
3,2970,2,208
3,2971,2,208
3,2972,4,209
3,2973,5,209
3,2974,5,209
3,2975,9,209
3,2976,8,209
3,2977,5,210
3,2978,8,210
3,2979,4,212
3,2980,4,212
3,2981,3,212
3,2982,7,212
3,2983,5,214
3,2984,8,214
3,2985,3,214
3,2986,3,214
3,2987,3,214
3,2988,3,215
3,2989,4,217
3,2990,3,217
3,2991,3,218
3,2992,4,218
3,2993,3,218
3,2994,3,218
3,2995,2,218
3,2996,3,219
3,2997,3,219
3,2998,3,219
3,2999,4,219
3,3000,4,219
3,3001,4,219
3,3002,17,219
3,3003,4,219
3,3004,9,219
3,3005,3,219
3,3006,6,219
3,3007,7,219
3,3008,16,219
3,3009,9,219
3,3010,13,219
3,3011,5,219
3,3012,5,221
3,3013,2,222
3,3014,4,223
3,3015,4,223
3,3016,3,224
3,3017,3,224
3,3018,3,224
3,3019,3,226
3,3020,2,226
3,3021,2,227
3,3022,4,228
3,3023,3,228
3,3024,3,228
3,3025,4,229
3,3026,3,229
3,3027,4,229
3,3028,4,229
3,3029,5,229
3,3030,3,229
3,3031,2,229
3,3032,6,230
3,3033,3,230
3,3034,4,231
3,3035,6,231
3,3036,3,231
3,3037,3,232
3,3038,4,232
3,3039,5,232
3,3040,2,232
3,3041,3,231
3,3042,4,231
3,3043,4,231
3,3044,3,232
3,3045,3,233
3,3046,4,233
3,3047,4,233
3,3048,4,232
3,3049,2,232
3,3050,1,232
3,3051,4,232
3,3052,4,232
3,3053,8,232
3,3054,13,231
3,3055,17,231
3,3056,12,232
3,3057,15,232
3,3058,14,231
3,3059,6,230
3,3060,4,229
3,3061,3,230
3,3062,3,230
3,3063,3,230
3,3064,3,230
3,3065,3,230
3,3066,4,230
3,3067,6,231
3,3068,3,231
3,3069,4,231
3,3070,3,231
3,3071,4,230
3,3072,3,230
3,3073,2,230
3,3074,4,229
3,3075,4,228
3,3076,4,227
3,3077,4,227
3,3078,8,229
3,3079,7,229
3,3080,4,229
3,3081,4,228
3,3082,2,228
3,3083,4,228
3,3084,3,228
3,3085,6,228
3,3086,3,228
3,3087,3,228
3,3088,3,228
3,3089,4,228
3,3090,5,229
3,3091,6,229
3,3092,4,230
3,3093,5,230
3,3094,9,230
3,3095,9,233
3,3096,7,233
3,3097,5,233
3,3098,4,232
3,3099,3,232
3,3100,6,232
3,3101,2,232
3,3102,4,233
3,3103,3,233
3,3104,2,232
3,3105,5,232
3,3106,3,232
3,3107,3,232
3,3108,2,233
3,3109,4,232
3,3110,6,232
3,3111,9,231
3,3112,17,233
3,3113,9,233
3,3114,9,235
3,3115,9,234
3,3116,4,233
3,3117,5,233
3,3118,3,233
3,3119,3,233
3,3120,3,233
3,3121,4,233
3,3122,4,233
3,3123,4,234
3,3124,3,234
3,3125,4,233
3,3126,6,233
3,3127,4,232
3,3128,9,232
3,3129,4,229
3,3130,3,230
3,3131,3,230
3,3132,2,229
3,3133,3,230
3,3134,4,231
3,3135,2,230
3,3136,2,230
3,3137,4,229
3,3138,3,229
3,3139,2,228
3,3140,4,229
3,3141,4,229
3,3142,4,229
3,3143,3,231
3,3144,3,232
3,3145,2,232
3,3146,3,232
3,3147,3,232
3,3148,2,233
3,3149,5,233
3,3150,3,232
3,3151,4,234
3,3152,12,234
3,3153,18,234
3,3154,8,235
3,3155,12,235
3,3156,7,235
3,3157,19,235
3,3158,9,236
3,3159,11,236
3,3160,7,236
3,3161,8,237
3,3162,16,237
3,3163,11,238
3,3164,4,239
3,3165,4,239
3,3166,3,239
3,3167,5,239
3,3168,2,239
3,3169,4,239
3,3170,3,239
3,3171,3,239
3,3172,3,238
3,3173,1,239
3,3174,4,239
3,3175,4,239
3,3176,4,239
3,3177,3,239
3,3178,3,241
3,3179,4,241
3,3180,4,242
3,3181,2,242
3,3182,3,242
3,3183,8,241
3,3184,7,241
3,3185,3,241
3,3186,3,241
3,3187,3,241
3,3188,3,242
3,3189,3,242
3,3190,3,242
3,3191,3,242
3,3192,3,241
3,3193,3,241
3,3194,2,241
3,3195,2,241
3,3196,4,240
3,3197,4,240
3,3198,3,240
3,3199,3,239
3,3200,4,239
3,3201,5,239
3,3202,4,238
3,3203,2,239
